inputs.category,inputs.image_id,outputs.category,error,reference.category,feedback.field_match,execution_time,example_id,id
face photo,/content/drive/MyDrive/CC Sample/91106/photo.jpg,face photo,,face photo,1.0,24.915615,470f4435-6517-4e41-aa87-984faa2a0e41,ed3fb19d-4741-4c44-b1d7-460020623af6
face photo,/content/drive/MyDrive/CC Sample/89793/photo.jpg,face photo,,face photo,1.0,16.584007,80aedbee-e021-4002-9c1a-5f7b333e125c,73ca33ab-26af-4d7a-90ec-291818442d33
face photo,/content/drive/MyDrive/CC Sample/87453/photo.jpg,face photo,,face photo,1.0,21.925968,7118b91d-db5f-43d9-882a-fdb77286def1,305447d9-6fc7-4cf9-97c5-913bfabd6def
face photo,/content/drive/MyDrive/CC Sample/83994/photo.jpg,face photo,,face photo,1.0,15.458145,8f2538f5-810a-4598-92c4-db1b584ec8b7,435b173e-abf0-4dee-bdaa-8f831c2cac3c
face photo,/content/drive/MyDrive/CC Sample/90844/photo.jpg,face photo,,face photo,1.0,16.193783,75e3e2ab-72d7-4f47-9b61-0d068c395a99,1f4ba294-6f64-4fb2-a5d2-f2dd553b3cbd
face photo,/content/drive/MyDrive/CC Sample/95013/photo.jpg,face photo,,face photo,1.0,14.214424,1770cc09-0dd2-4dd0-acd1-3fde468c7eb3,8b825903-18d6-4df8-91ef-d196ed245202
face photo,/content/drive/MyDrive/CC Sample/79347/photo.jpg,face photo,,face photo,1.0,13.134778,739eefdf-04ba-49c7-8583-c323a5f2eec2,40a7a7b5-3d3b-406f-8aea-6d384cc41fb4
face photo,/content/drive/MyDrive/CC Sample/79222/photo.jpg,face photo,,face photo,1.0,16.330087,0cde1969-7e31-4ccd-90d1-18f4c0cc93b7,9a775afe-99de-4298-98db-3aa6c3554afe
face photo,/content/drive/MyDrive/CC Sample/95402/photo.jpg,face photo,,face photo,1.0,13.130391,6aea59e0-1dc6-4494-a40f-9ce01a3175a3,8a8244ab-a1fa-4984-8cd0-0dcb9c7b0ae9
face photo,/content/drive/MyDrive/CC Sample/79519/photo.jpg,face photo,,face photo,1.0,25.880914,73040cbc-b230-49fe-8df7-5bda1bc5d036,f8765aa0-f4f5-4da1-87a1-db09e91f37d4
face photo,/content/drive/MyDrive/CC Sample/83307/photo.jpg,face photo,,face photo,1.0,16.730502,6a100d14-9cdc-495e-a259-f0c1e97952a4,0fbd357e-5d10-4a99-a285-4796ac3280df
face photo,/content/drive/MyDrive/CC Sample/87860/photo.jpg,face photo,,face photo,1.0,28.651274,90e23f72-ec95-442f-9ddc-e3a2c2b4660c,36298824-4bc3-4e16-85d6-987b08fbf18e
face photo,/content/drive/MyDrive/CC Sample/76291/photo.jpg,face photo,,face photo,1.0,30.209815,76d7c7fc-ef3a-4b49-8519-d37dc760ad92,fc909066-010f-457a-adf1-2c59fdaccd76
face photo,/content/drive/MyDrive/CC Sample/82753/photo.jpg,face photo,,face photo,1.0,31.201855,39ebf850-a27f-4f5d-a28e-ca353fe065f3,7dfdc45c-79b8-425c-aa6f-765e48cd3296
face photo,/content/drive/MyDrive/CC Sample/86086/photo.jpg,face photo,,face photo,1.0,31.97915,194b88a3-08f6-4d71-aa87-09845f525b36,875484f0-d44f-4837-b877-082f1cc4ccb9
face photo,/content/drive/MyDrive/CC Sample/80482/photo.jpg,face photo,,face photo,1.0,33.689694,7b8818dc-b0f7-49d0-885c-d772e1f8f073,53bc8b42-ada3-46cd-aa01-6f863478fcca
face photo,/content/drive/MyDrive/CC Sample/89200/photo.jpg,face photo,,face photo,1.0,35.954651,09a3dd74-1514-455a-a158-da9e97fea9fb,f817d4c9-087d-407f-b7e4-3f65ce137dd6
face photo,/content/drive/MyDrive/CC Sample/82754/photo.jpg,face photo,,face photo,1.0,39.020887,5d8ecd6e-1510-4bf2-a5db-05d204f539da,7ed3afc5-14e4-4bcd-8f1a-11c5398f6dcc
face photo,/content/drive/MyDrive/CC Sample/86619/photo.jpg,face photo,,face photo,1.0,39.558465,7e6a1632-df14-4563-bb5f-694d7b1a5d66,c8a7fca4-444f-4382-a8ea-7601db40b3b5
face photo,/content/drive/MyDrive/CC Sample/76165/photo.jpg,face photo,,face photo,1.0,39.740828,888d7977-8fee-48d2-b6a9-f62eba567a26,7c394706-8c22-4153-975f-b068d2653c08
face photo,/content/drive/MyDrive/CC Sample/89906/photo.jpg,face photo,,face photo,1.0,27.727341,a7146089-93c4-4a51-bd31-3f23d04b5e63,ac3570dd-c803-4c80-87ab-4d4dae94b66f
face photo,/content/drive/MyDrive/CC Sample/85967/photo.jpg,face photo,,face photo,1.0,27.758046,9ce3e6e4-ce68-4325-8258-8b96634b6c03,3002aced-6e82-473e-9e29-832f830d6b19
face photo,/content/drive/MyDrive/CC Sample/84851/photo.jpg,face photo,,face photo,1.0,28.29904,decb24ed-dd63-4095-b8f7-d186f4a6ea62,09fa086d-f8bb-4765-9fa1-45a5c4a2ac47
face photo,/content/drive/MyDrive/CC Sample/79917/photo.jpg,face photo,,face photo,1.0,28.179982,e5df3154-04b0-4b57-aae7-7280d345407d,c03ba7b9-4df2-4205-b881-84e052d331ce
face photo,/content/drive/MyDrive/CC Sample/83654/photo.jpg,face photo,,face photo,1.0,29.193284,cd766597-54fb-40e4-9d32-629d66fb94d1,39123f5c-5e43-451e-9b49-772232fb460f
face photo,/content/drive/MyDrive/CC Sample/86725/photo.jpg,face photo,,face photo,1.0,28.995336,ec5ac2e5-7074-4e09-b5a6-09f8926a4f34,78445a90-7c39-4c99-ab9e-6f5a352a16ed
face photo,/content/drive/MyDrive/CC Sample/78248/photo.jpg,face photo,,face photo,1.0,30.017663,f491ee02-3bd0-45c0-bf1d-ba9d4f0c83eb,f00a2d6c-d38a-4f75-af31-61a13c628247
face photo,/content/drive/MyDrive/CC Sample/82694/photo.jpg,face photo,,face photo,1.0,20.920124,11246de6-39ab-412c-ad47-b5dc3f7a09c6,25c3bfd6-70c2-4c7a-b118-9a5aad6ccf0e
face photo,/content/drive/MyDrive/CC Sample/79861/photo.jpg,face photo,,face photo,1.0,22.541,0024e454-9bf9-4e0b-b36e-a4a3cb3b27d8,96ec9810-cc32-4f6b-bad6-bd8fee3e5cb8
face photo,/content/drive/MyDrive/CC Sample/89442/photo.jpg,face photo,,face photo,1.0,33.508586,c50dbf35-22d0-4eaf-b1e6-7191b013bb1e,00695b04-8372-4d06-99ff-d9dd38c58421
face photo,/content/drive/MyDrive/CC Sample/76171/photo.jpg,face photo,,face photo,1.0,27.198093,f95aa6ea-650e-405f-8808-d9897fcbb202,5817d341-3d14-472c-838f-2b2b48a3fa70
face photo,/content/drive/MyDrive/CC Sample/79810/photo.jpg,face photo,,face photo,1.0,19.016864,1d099458-b20d-497a-841a-901440be0200,5b3f3289-da15-407a-88ee-a7b3ab0af1ef
face photo,/content/drive/MyDrive/CC Sample/39532/photo.jpg,face photo,,face photo,1.0,21.326101,17cedd2c-9d35-42c5-9493-ea267e069c64,1eecc592-6701-4724-8891-f6c1a1f8662a
face photo,/content/drive/MyDrive/CC Sample/90234/photo.jpg,face photo,,face photo,1.0,18.940848,270fb49f-395e-42ca-9756-aa3b57b38158,f1de5b01-e44c-4b92-a814-4971f16a295f
face photo,/content/drive/MyDrive/CC Sample/76015/photo.jpg,face photo,,face photo,1.0,19.913422,34544b37-a589-440c-a172-33ae31f11fa6,9fb4d1da-c080-4c9f-b24a-cbe6978937ea
face photo,/content/drive/MyDrive/CC Sample/90029/photo.jpg,face photo,,face photo,1.0,24.854006,33ca01db-bb40-441f-87e7-fa8fcdbc73ae,9040dfcc-7da2-4d86-a877-4c64dd3c4f6f
face photo,/content/drive/MyDrive/CC Sample/85621/photo.jpg,face photo,,face photo,1.0,22.689131,475f1033-b238-4622-b510-0a878bd7a1b4,b0b6a186-5694-47b6-afb0-7731359a7d5f
face photo,/content/drive/MyDrive/CC Sample/76320/photo.jpg,face photo,,face photo,1.0,21.649552,483be33f-170e-4797-8352-435aef176945,51376d95-17ac-439c-b86c-168e06a48c9f
face photo,/content/drive/MyDrive/CC Sample/78995/photo.jpg,face photo,,face photo,1.0,22.907992,5647e6d4-5fc4-4500-8d3c-a5430a08fb37,471c762f-5764-4699-9da9-f8e975b9b45a
face photo,/content/drive/MyDrive/CC Sample/85857/photo.jpg,face photo,,face photo,1.0,24.356099,64f9cf42-625b-41df-a159-39eeaa2c04ce,18825366-7dfb-4e28-894d-75fe345a422a
face photo,/content/drive/MyDrive/CC Sample/93422/photo.jpg,face photo,,face photo,1.0,27.547518,7888b77f-84e2-46a2-b653-d47713d195b0,28f5f147-e7c9-4ba9-9947-58aa3f8185bc
face photo,/content/drive/MyDrive/CC Sample/92476/photo.jpg,face photo,,face photo,1.0,29.094291,90eab195-dfde-47f7-a815-b375aa9782d4,23a45d98-8651-49c6-b911-21527cbf7dbc
face photo,/content/drive/MyDrive/CC Sample/90479/photo.jpg,face photo,,face photo,1.0,30.931073,91e1e476-e14c-4d62-b88d-2752670f27c7,d8d8d8d8-ee27-40ff-b2fd-69eeae382238
face photo,/content/drive/MyDrive/CC Sample/87159/photo.jpg,face photo,,face photo,1.0,31.588323,923ad648-73a4-4e3e-a7f0-a1610fc1389d,5d11182a-addd-476f-9b72-20e5aeb6a504
face photo,/content/drive/MyDrive/CC Sample/82154/photo.jpg,face photo,,face photo,1.0,33.674758,95ebad73-33d1-464c-9e95-33d3be63925a,e6d5f89b-ab02-4597-b0e7-54644cc09fee
face photo,/content/drive/MyDrive/CC Sample/86069/photo.jpg,face photo,,face photo,1.0,33.67022,afa4d69d-005c-418a-9cb2-b540f4996967,d480fae1-b16c-4673-8969-707e56a4c613
face photo,/content/drive/MyDrive/CC Sample/94315/photo.jpg,face photo,,face photo,1.0,39.813589,b806ef51-7bdc-41e7-b779-e8a985cd93fc,a4eaa694-84e2-47fb-8bf2-d4a05e2c2a00
face photo,/content/drive/MyDrive/CC Sample/88161/photo.jpg,face photo,,face photo,1.0,35.270268,13071952-4629-43fb-862a-af1353c78e97,ca651ff3-020d-4595-a96a-ac5dbc4de19b
face photo,/content/drive/MyDrive/CC Sample/91195/photo.jpg,face photo,,face photo,1.0,33.011609,1ceccaca-6bb2-4d16-b97f-ae884ea7921c,870837fd-0137-47d0-8a63-da56ad817ec1
face photo,/content/drive/MyDrive/CC Sample/79849/photo.jpg,face photo,,face photo,1.0,36.987728,215ea647-8c4a-4611-9ee2-7c3a24960bc8,c9bd361e-0840-46c3-b21f-bb8e1eded8bd
face photo,/content/drive/MyDrive/CC Sample/86008/photo.jpg,face photo,,face photo,1.0,49.399719,cf34fbd7-f8e1-41d6-ba33-d3f3eaebf60a,ae75ad42-b204-4e3a-8c2d-91d669438778
face photo,/content/drive/MyDrive/CC Sample/83163/photo.jpg,face photo,,face photo,1.0,53.056013,dc6b3251-b956-4176-b845-da18155457f7,62bf81bb-51ed-4071-aff1-5eaf2e22a005
face photo,/content/drive/MyDrive/CC Sample/78766/photo.jpg,face photo,,face photo,1.0,57.12198,e1443ad2-0582-4bc1-b147-fb66bcf6ac51,b7515d5a-d9b7-4b06-89fd-0d36e35c7666
face photo,/content/drive/MyDrive/CC Sample/76608/photo.jpg,face photo,,face photo,1.0,59.537216,f65d23b3-9432-48a3-860a-f899ed7b1fc3,8928519f-abf7-417a-9d09-2f0a3dd004a7
face photo,/content/drive/MyDrive/CC Sample/85939/photo.jpg,face photo,,face photo,1.0,61.166961,083b50ca-3e88-4de2-84a9-031f057b587d,4b3019b2-d0ce-4c1d-b061-09457e48e6f2
face photo,/content/drive/MyDrive/CC Sample/91698/photo.jpg,face photo,,face photo,1.0,67.326068,bff5e71e-4eb2-4e27-a7cb-7511fa799eca,93368447-e5e5-412e-9c51-58d1ee4912b7
face photo,/content/drive/MyDrive/CC Sample/86047/photo.jpg,face photo,,face photo,1.0,56.418528,254f02a2-d3e7-47c3-baaa-fd66595a7f82,1eacbd90-d3a8-42e0-8db5-a6d2676349d5
face photo,/content/drive/MyDrive/CC Sample/86581/photo.jpg,face photo,,face photo,1.0,56.537381,29797044-0aac-408f-a525-491fd196627a,40219f4e-732e-45ad-a00b-578e8e895461
face photo,/content/drive/MyDrive/CC Sample/93633/photo.jpg,face photo,,face photo,1.0,59.144629,420166ae-096b-42d8-a15c-e937828f905a,28caf9af-4551-44db-8ab4-280fcf308f0c
face photo,/content/drive/MyDrive/CC Sample/94179/photo.jpg,face photo,,face photo,1.0,61.24284,431b82ba-4cab-4d91-b361-50fbc861ca7c,e8da878a-18a0-48dd-bdbc-8324232dd32e
face photo,/content/drive/MyDrive/CC Sample/89012/photo.jpg,face photo,,face photo,1.0,63.685716,457dc6a2-d555-479b-a5a8-e740e208b5d3,c8810f7b-50e5-4a7e-9656-0253717c25ff
face photo,/content/drive/MyDrive/CC Sample/76393/photo.jpg,face photo,,face photo,1.0,85.734136,f55d140c-919e-474a-8cf1-5ba443837bcf,94e5d1e7-6770-42f0-b53a-08ec8fac7c29
face photo,/content/drive/MyDrive/CC Sample/95031/photo.jpg,face photo,,face photo,1.0,59.544075,556cbdd4-d882-44f0-8d1e-3793d3f9443f,09d2b19c-306f-4821-8db3-38bd580a9449
face photo,/content/drive/MyDrive/CC Sample/95203/photo.jpg,face photo,,face photo,1.0,60.512432,62d03a6f-00d8-493e-b55d-27826b6561bf,9a5800ad-9265-4226-909f-e5319b9f5fa8
face photo,/content/drive/MyDrive/CC Sample/79624/photo.jpg,face photo,,face photo,1.0,54.955216,6e1b18cd-f982-4065-b3a1-bf875a0fed03,e244cd02-09cd-4e35-a6c8-18f7521f19a9
face photo,/content/drive/MyDrive/CC Sample/93044/photo.jpg,face photo,,face photo,1.0,62.455937,6a3ea13f-b536-4ca7-9042-683ea62455a1,f63e1d82-6b89-4258-b2d7-203484c98a9c
face photo,/content/drive/MyDrive/CC Sample/80481/photo.jpg,face photo,,face photo,1.0,54.53507,780acc79-e739-478e-9852-e31de810e14d,0f8d1f5c-0c14-4ee6-b4ea-348c4ac3fb05
face photo,/content/drive/MyDrive/CC Sample/79454/photo.jpg,face photo,,face photo,1.0,48.524423,9905758d-686d-4d0e-a3d8-e6c3a76fa79d,af765c1f-3823-451b-8424-7fd81c110e83
face photo,/content/drive/MyDrive/CC Sample/94112/photo.jpg,face photo,,face photo,1.0,52.066658,a5b9d46f-72f6-4505-a014-633f60742f7c,1bffdacb-6be8-4eb9-9913-d56e88c2041e
face photo,/content/drive/MyDrive/CC Sample/90710/photo.jpg,face photo,,face photo,1.0,48.495189,a96de33c-f8d6-473a-bff3-fb45806e69ff,14c3129d-1adc-43ba-a67e-59ecf17b6e7e
face photo,/content/drive/MyDrive/CC Sample/91974/photo.jpg,face photo,,face photo,1.0,76.405175,5f2a2baa-bd9f-419a-838c-c9df1e487d85,a799d501-02fd-41ef-9228-b59cc1dc0a76
face photo,/content/drive/MyDrive/CC Sample/78761/photo.jpg,face photo,,face photo,1.0,45.636042,c6055231-49f4-4bb4-ad4d-ccb727c4d58c,a4ed0c93-e56f-4ea7-adf9-c38457542434
face photo,/content/drive/MyDrive/CC Sample/78620/photo.jpg,face photo,,face photo,1.0,44.815968,e878afdf-e006-477e-80ce-e95f6ec09ed6,d7bdf1d6-1257-47d8-a252-f63940fa9508
face photo,/content/drive/MyDrive/CC Sample/95577/photo.jpg,face photo,,face photo,1.0,70.20264,90a5db87-e58c-48f6-b4c8-e876ca39bbd6,4cc5e64d-86a8-4df5-a538-8c5ed04611c5
face photo,/content/drive/MyDrive/CC Sample/90060/photo.jpg,face photo,,face photo,1.0,47.03898,f7e0c86a-4ac7-4df1-badb-e0ded4d3934e,46831a66-0c2e-48a8-8cf9-45f1b8f47aa0
face photo,/content/drive/MyDrive/CC Sample/92671/photo.jpg,face photo,,face photo,1.0,56.377951,adb99746-0b54-4a78-9286-2cb62fab5a7b,fbcb5904-de6e-44dd-8534-0a565fbfcdff
face photo,/content/drive/MyDrive/CC Sample/89687/photo.jpg,face photo,,face photo,1.0,47.763063,01a5b583-1937-4032-bcca-207112c087d9,e5871169-7bc8-487a-ab9e-10eb5ab083e3
face photo,/content/drive/MyDrive/CC Sample/91362/photo.jpg,face photo,,face photo,1.0,44.511487,04aa62f4-0e0f-4356-b3d8-05181a3a040f,91de3491-f4a7-4281-aa86-4a0de72a32ad
face photo,/content/drive/MyDrive/CC Sample/89779/photo.jpg,face photo,,face photo,1.0,63.909345,ac0f3a27-a010-45dc-9320-13ba16a75f01,6ea6e06a-c9e3-4a85-952f-01e2fd085dea
face photo,/content/drive/MyDrive/CC Sample/90503/photo.jpg,face photo,,face photo,1.0,41.376344,0af524f2-b4cf-4795-ae4d-b7137b9819cb,06012ed2-8314-479b-9eda-205920da6b43
face photo,/content/drive/MyDrive/CC Sample/87236/photo.jpg,face photo,,face photo,1.0,37.757103,22807b54-9e96-4a4d-a142-601da001c61a,629f1ada-961b-4da6-8eb8-a9f743187afe
face photo,/content/drive/MyDrive/CC Sample/88430/photo.jpg,face photo,,face photo,1.0,40.564464,254f4e6c-3ead-4042-a3eb-400921edc457,cc329493-e5ca-440c-8c5e-c7df9d8176e8
face photo,/content/drive/MyDrive/CC Sample/86830/photo.jpg,face photo,,face photo,1.0,38.051201,400fc4f2-d1ec-4409-be5f-311a83aab89c,a870d466-7eaa-4b2f-aacd-b586cd9ce522
face photo,/content/drive/MyDrive/CC Sample/78424/photo.jpg,face photo,,face photo,1.0,36.094471,64e5df02-5bc9-485c-92e3-14fbd5060751,07531014-9899-4adc-a468-735edea17ca3
face photo,/content/drive/MyDrive/CC Sample/77223/photo.jpg,face photo,,face photo,1.0,36.608592,73d8f13f-cc95-42e9-87a5-08155ee703d3,88748bf4-3e32-4a2d-a064-11d796087bbd
face photo,/content/drive/MyDrive/CC Sample/78036/photo.jpg,face photo,,face photo,1.0,31.87882,85089001-c8b7-4290-a861-0ff921fe7590,7fca9760-5b59-42dd-be6c-c35cc167018b
face photo,/content/drive/MyDrive/CC Sample/87556/photo.jpg,face photo,,face photo,1.0,46.532708,3887e2db-7ac8-4a53-89cc-8d9460f4cb26,9cfafb30-7815-4fcf-b4b7-0c1b2addf44c
face photo,/content/drive/MyDrive/CC Sample/81777/photo.jpg,face photo,,face photo,1.0,37.397212,81c964fb-4cea-4610-90b5-afefd1f02371,09b8d469-0e39-4a0b-adcd-f173103dad84
face photo,/content/drive/MyDrive/CC Sample/80969/photo.jpg,face photo,,face photo,1.0,38.174961,7620da70-9801-47ff-a0a0-3dda9e595d07,4e5fc86f-c71a-4368-9bbf-3276a1a911dd
face photo,/content/drive/MyDrive/CC Sample/81616/photo.jpg,face photo,,face photo,1.0,29.289592,858fc4c9-bb41-4aab-940e-7495af70c71b,3ef5afe9-69d9-44b4-8ed0-7cad047e1e00
face photo,/content/drive/MyDrive/CC Sample/80044/photo.jpg,face photo,,face photo,1.0,25.002134,9a4a016d-999e-4c8f-a240-6814cee17fee,f1e28393-3c6d-43ea-9ba7-f3f5eb816521
face photo,/content/drive/MyDrive/CC Sample/87511/photo.jpg,face photo,,face photo,1.0,34.533027,83849435-d1ea-475c-933f-e393d4e98bdd,ce725b51-0a8c-471a-94be-ccd935f7120b
face photo,/content/drive/MyDrive/CC Sample/90760/photo.jpg,face photo,,face photo,1.0,25.576576,b73e66f0-53d1-4bea-bfad-90fec4eabe1f,3e4a3647-bfca-4f21-b309-e08a1e94c9a9
face photo,/content/drive/MyDrive/CC Sample/92057/photo.jpg,face photo,,face photo,1.0,27.036748,a2a018f3-2b31-4a61-a6da-92d9a50034d6,19382c55-9e9e-4718-b61d-e6ca6584b228
face photo,/content/drive/MyDrive/CC Sample/79001/photo.jpg,face photo,,face photo,1.0,22.082041,c70336ff-4b87-4d9f-adcb-8dcc7c34e369,840e1210-13b7-4542-a3ce-74f9af639f21
face photo,/content/drive/MyDrive/CC Sample/76064/photo.jpg,face photo,,face photo,1.0,20.165638,e3a0d64d-284d-4f96-be5d-304888a26e82,6ba1b48a-6d58-4365-ac18-ffe5309730ec
face photo,/content/drive/MyDrive/CC Sample/84339/photo.jpg,face photo,,face photo,1.0,21.753067,d38c66a8-45af-493e-9d64-8c85ca7263ca,86007ace-b3d7-4af3-8c68-92c10d7aa87b
face photo,/content/drive/MyDrive/CC Sample/82750/photo.jpg,face photo,,face photo,1.0,18.788159,f70c570f-c285-4c34-bab5-71552aa7700a,4ef0da94-2847-4564-bb69-c7137d7cd5c3
face photo,/content/drive/MyDrive/CC Sample/88978/photo.jpg,face photo,,face photo,1.0,22.674493,f21c124c-a77d-4c1e-a34c-9b10117d501d,3f434a94-3c7b-4f13-a127-12e5c7fada93
face photo,/content/drive/MyDrive/CC Sample/92052/photo.jpg,face photo,,face photo,1.0,19.679807,f9b61472-7c56-45ae-9f1d-a06bf6a4b424,d1c43818-d321-490a-a1c9-6d5e7daca962
face photo,/content/drive/MyDrive/CC Sample/91619/photo.jpg,face photo,,face photo,1.0,20.366493,fe7f9aa8-d646-41af-a16f-73cc2459a4b3,4c07c601-5285-4fdd-a3c4-97a8b63f6037
face photo,/content/drive/MyDrive/CC Sample/93527/photo.jpg,face photo,,face photo,1.0,17.639509,059add3f-9b0e-47e6-87d6-23e187b76722,e373354e-21bf-4ae0-94b9-ac959d32376c
face photo,/content/drive/MyDrive/CC Sample/88108/photo.jpg,face photo,,face photo,1.0,16.492695,19ac9c1b-6cf0-45a5-8f54-9490093075ca,5f5badd6-3815-4fd0-bcdc-e38a5c04b4f1
face photo,/content/drive/MyDrive/CC Sample/77530/photo.jpg,face photo,,face photo,1.0,15.726479,2cd03a82-b36d-463e-a50a-865bccb1b21b,17977301-d376-4e00-94ba-8dcdd3012c2a
face photo,/content/drive/MyDrive/CC Sample/89163/photo.jpg,face photo,,face photo,1.0,16.453448,1a352a3b-70f3-4e5d-841d-b5e6cf850732,be895aae-87c2-4131-9a6f-2cd72156363c
face photo,/content/drive/MyDrive/CC Sample/85946/photo.jpg,face photo,,face photo,1.0,18.376755,2e29b3e5-26e5-4dd4-8cb3-950e127e1c83,a4578a7e-de13-45dc-ad51-73d00fe214a8
face photo,/content/drive/MyDrive/CC Sample/87815/photo.jpg,face photo,,face photo,1.0,22.488973,4fc802cf-6f38-46c8-bde4-b94c120b6046,a4c62ec8-82e9-4de7-ae2a-136afa27110b
face photo,/content/drive/MyDrive/CC Sample/89398/photo.jpg,face photo,,face photo,1.0,22.565356,42389623-5527-4c9e-b8f6-d6e4900f5c39,928f99ac-6905-42a9-a230-31bebefa6ac5
face photo,/content/drive/MyDrive/CC Sample/79717/photo.jpg,face photo,,face photo,1.0,23.279037,5162e142-d106-48eb-a8ae-0d99b552534e,b73e10c5-d2eb-4e5e-a157-905031175b5e
face photo,/content/drive/MyDrive/CC Sample/79319/photo.jpg,face photo,,face photo,1.0,25.783737,51858b2b-c1bd-4d24-86c6-7abdb1d22ebd,326ac0d4-4927-4f66-8ce1-cb5b6d9332ae
face photo,/content/drive/MyDrive/CC Sample/89165/photo.jpg,face photo,,face photo,1.0,26.558678,589fb805-7052-4c3e-95ac-b88b2547aea7,49989fce-2320-498f-a34d-4b8dcee5b045
face photo,/content/drive/MyDrive/CC Sample/56884/photo.jpg,face photo,,face photo,1.0,26.122498,5993fb5d-28f8-4d56-8feb-379579ee7fab,49acc4ff-9fb6-464a-a6f2-7ed6beadfa9f
face photo,/content/drive/MyDrive/CC Sample/78044/photo.jpg,face photo,,face photo,1.0,25.384299,82c273a9-2957-4403-bad3-5487321f5752,e4562ab9-85f6-47b3-8426-99501481b2fd
face photo,/content/drive/MyDrive/CC Sample/88814/photo.jpg,face photo,,face photo,1.0,25.895219,7ad6d0f8-abec-45d1-92bc-48e0349579d3,f34b1971-b877-4c26-8e56-d29d50b1962b
face photo,/content/drive/MyDrive/CC Sample/89974/photo.jpg,face photo,,face photo,1.0,27.988961,846be3eb-1eb4-44fe-b3a6-7ab0acd7c116,950c40e4-d84c-4594-8a01-faf76e7afe0c
face photo,/content/drive/MyDrive/CC Sample/89157/photo.jpg,face photo,,face photo,1.0,29.994394,929d6c63-c212-464c-85fb-e9a57546adbe,811d5a8d-7796-4e89-ad8e-b07d78c95f0b
face photo,/content/drive/MyDrive/CC Sample/94888/photo.jpg,face photo,,face photo,1.0,32.218574,a4663ce6-fcf0-4ab5-85cf-7a564d93e514,7d3a0f6b-31bb-406c-9db5-ed854e090d30
face photo,/content/drive/MyDrive/CC Sample/87043/photo.jpg,face photo,,face photo,1.0,32.145211,a832529f-88ec-4253-bf2e-6463601a95ea,11012032-fb35-47e3-9f6e-2fc636f3ac84
face photo,/content/drive/MyDrive/CC Sample/82220/photo.jpg,face photo,,face photo,1.0,30.753812,d04bcee4-d085-4e1c-ad6a-4e51d5785e6d,fb8f37ec-96b7-4c67-bebb-f642e73e84c6
face photo,/content/drive/MyDrive/CC Sample/79394/photo.jpg,face photo,,face photo,1.0,30.802023,df838161-98b0-4623-98c0-4381338c2ae3,d3dcb6e9-1390-4851-b67b-4113bc020d96
face photo,/content/drive/MyDrive/CC Sample/78622/photo.jpg,face photo,,face photo,1.0,34.124523,d30df315-c0ab-45c1-876f-03d7279bb3cf,e08db7a8-f1dd-4f85-9ef0-647edb7badd2
face photo,/content/drive/MyDrive/CC Sample/84303/photo.jpg,face photo,,face photo,1.0,31.998654,e3037c21-571e-46a3-8f35-a313512e0704,e29c1874-c21b-4910-8517-6343240e7d8d
face photo,/content/drive/MyDrive/CC Sample/80286/photo.jpg,face photo,,face photo,1.0,33.170109,e84bf9e4-c01a-4878-b7cf-3a1282873c22,023b81be-d709-452e-adbb-7e1233072c26
face photo,/content/drive/MyDrive/CC Sample/79834/photo.jpg,face photo,,face photo,1.0,33.21009,eb2bcf6f-d32b-45d4-ba73-c6a8340ea376,17609147-4334-451a-adb3-dc4fb1e8c4e6
face photo,/content/drive/MyDrive/CC Sample/79273/photo.jpg,face photo,,face photo,1.0,20.168443,2833a633-8ce9-46ec-8cb7-1a655e80273c,d65947c3-91af-45e6-94ec-80dab6cd7826
face photo,/content/drive/MyDrive/CC Sample/77917/photo.jpg,face photo,,face photo,1.0,24.105497,125b8cf8-3a8b-4525-aa3f-9578cf971779,b3b0e065-00a9-44bd-a584-50f2815c57fc
face photo,/content/drive/MyDrive/CC Sample/82873/photo.jpg,face photo,,face photo,1.0,28.945083,121068f9-c261-46ee-808d-dfe8024b09d8,e3a1451a-8b06-4ce9-b161-d98f3b170f2a
face photo,/content/drive/MyDrive/CC Sample/79466/photo.jpg,face photo,,face photo,1.0,20.126359,423bc506-075d-4358-8e72-580a0ea2056a,f23dca76-493f-421e-87db-fa5860edb4b1
face photo,/content/drive/MyDrive/CC Sample/91602/photo.jpg,face photo,,face photo,1.0,35.364373,f3db9f98-3e58-4aaa-b11a-704d2c995606,6d571cfa-942f-4a5f-937b-fbc70e556760
face photo,/content/drive/MyDrive/CC Sample/76374/photo.jpg,face photo,,face photo,1.0,26.010969,155a68ec-57a8-4218-811d-b83a7a818107,50664b30-d5eb-4ddb-9788-b079f33286d0
face photo,/content/drive/MyDrive/CC Sample/88202/photo.jpg,face photo,,face photo,1.0,19.071775,5d0be315-e5bd-4afb-b617-d459ae3bd3b7,544a76cf-ca68-496c-9f5b-454b1d08d7f4
face photo,/content/drive/MyDrive/CC Sample/78943/photo.jpg,face photo,,face photo,1.0,22.278282,501f89fe-eb15-471c-b5b9-8f382516ee8e,c2d1a664-6fbc-40d8-a274-0a0d31775110
face photo,/content/drive/MyDrive/CC Sample/80003/photo.jpg,face photo,,face photo,1.0,14.950465,814d4767-1b3d-474f-9dd4-f3b959fcc8fc,766d331b-db28-4a6a-92cb-0171780fd975
face photo,/content/drive/MyDrive/CC Sample/92383/photo.jpg,face photo,,face photo,1.0,20.410169,63ae895d-c531-461c-a9e5-1e4555d3afb4,42f34d5e-9c29-4ba4-af1d-483c5c1582ee
face photo,/content/drive/MyDrive/CC Sample/79003/photo.jpg,face photo,,face photo,1.0,27.344675,195bb51d-ec44-4191-8487-ee427b886d1d,3b49cf75-133d-4e79-a133-55819b7fb72d
face photo,/content/drive/MyDrive/CC Sample/94804/photo.jpg,face photo,,face photo,1.0,12.833461,824c0349-dc77-4881-802c-4b4e7e2371d9,ff2db3e8-9691-4b36-a25c-bf38e9f133e4
face photo,/content/drive/MyDrive/CC Sample/90214/photo.jpg,face photo,,face photo,1.0,14.486542,9526eb16-ef80-4f7b-9244-0c66a30d8a8c,eb7d19c9-ad4f-4fe0-8832-a614b66acc94
face photo,/content/drive/MyDrive/CC Sample/83589/photo.jpg,face photo,,face photo,1.0,14.46492,9bc43a1b-aa63-4650-b72f-2b17d1d33976,596ca82c-2848-4a2e-ad67-6043497c7df1
face photo,/content/drive/MyDrive/CC Sample/85934/photo.jpg,face photo,,face photo,1.0,10.81964,b785f1c3-f70d-4b69-8230-9ca537237726,acaf3dcd-7b0e-43be-b737-aa9932215523
face photo,/content/drive/MyDrive/CC Sample/82560/photo.jpg,face photo,,face photo,1.0,13.537001,a545667d-e775-4f03-9bb4-ff39741d48c1,e4df1f82-043f-48c6-aa4c-95e6ed2e40b3
face photo,/content/drive/MyDrive/CC Sample/84948/photo.jpg,face photo,,face photo,1.0,13.274792,b9375fb7-973a-459c-ab7d-2381d4da3064,f7b72fe1-eeaa-4f5f-af86-390cde6e29fb
face photo,/content/drive/MyDrive/CC Sample/95285/photo.jpg,face photo,,face photo,1.0,12.60276,c3e2b4f7-1ab6-4cb2-a04c-85c324288605,52ea928b-30b3-4a26-8111-365f7691cc62
face photo,/content/drive/MyDrive/CC Sample/91688/photo.jpg,face photo,,face photo,1.0,12.671631,caefca37-5c46-40bd-beb1-c4ea7e79a5d3,09e2e63d-a06c-4f6a-b6b2-9cebff86df80
face photo,/content/drive/MyDrive/CC Sample/76882/photo.jpg,face photo,,face photo,1.0,12.557023,d0ee48a6-5c77-49d0-8d3e-593c0dfdf425,47f5aada-9502-431e-b6f3-472909a0ef5d
face photo,/content/drive/MyDrive/CC Sample/84101/photo.jpg,face photo,,face photo,1.0,27.271843,6eae44e8-3666-4020-9346-d09f62a1ccdc,942e1ea8-86e3-4c66-ae21-ac1d102995a1
face photo,/content/drive/MyDrive/CC Sample/94620/photo.jpg,face photo,,face photo,1.0,14.443948,c92aa9fd-2e0a-44c8-81ef-358f514da959,a90d70ce-daf5-4a01-abfe-b1625a9cdfe0
face photo,/content/drive/MyDrive/CC Sample/94740/photo.jpg,face photo,,face photo,1.0,14.734559,d3dacb50-50b5-4868-ab0a-1e7124080d51,34720a88-7923-41f2-8ae2-95bb7785cc49
face photo,/content/drive/MyDrive/CC Sample/88543/photo.jpg,face photo,,face photo,1.0,15.766641,ecfd6c26-8ba0-4155-a07a-2c2aa765012f,cfe0fb1c-7f9e-4261-b275-c266c38ef7f5
face photo,/content/drive/MyDrive/CC Sample/93128/photo.jpg,face photo,,face photo,1.0,16.835522,e3b9a6a9-b0e0-40c9-83e2-71d00bceee63,d1accc2a-b235-4625-82ea-4edea76675bd
passport,/content/drive/MyDrive/others_final/96645.jpg,passport,,passport,1.0,22.572909,a685d0b7-b96c-4c62-9417-49438f36f7b4,cc55c2d0-0d45-46eb-abc0-d33ee9d69d67
passport,/content/drive/MyDrive/others_final/75955.jpg,passport,,passport,1.0,24.624363,fc5ac3f2-abc8-4c03-b1d9-c6d7c94e0cbc,7020fc50-8349-4d33-a74a-d89d61baaa96
passport,/content/drive/MyDrive/others_final/88404.jpg,passport,,passport,1.0,25.260108,01a05524-65db-4d74-94ee-81cbd01cb0e6,f6c19e6b-d8a4-4a34-babf-c9c27fcc48ba
passport,/content/drive/MyDrive/others_final/83603.jpg,passport,,passport,1.0,29.474866,4afda77c-75ea-4c0f-bf60-bcb577e2b671,458e1c21-5832-4dd0-948a-377753036742
passport,/content/drive/MyDrive/others_final/78773.jpg,passport,,passport,1.0,37.652996,66abedf5-5dea-4fbc-9864-99ebbc92f37c,547f18ce-ad41-4fb7-95a6-cc3506652e0f
passport,/content/drive/MyDrive/others_final/80501.jpg,passport,,passport,1.0,40.930224,425247dc-a2ef-4417-9117-0f2f1ed5b5e2,5fefbb71-7d5e-4255-b240-53985ea61f80
passport,/content/drive/MyDrive/others_final/89076.jpg,passport,,passport,1.0,48.788414,799b442d-c46d-4888-8640-748714bc1c0f,8ed33135-7b02-4996-98a8-f7420af0cf64
passport,/content/drive/MyDrive/others_final/76236_2.jpg,passport,,passport,1.0,58.211336,8a93beb4-1b26-4a5a-b846-01edbbf0df56,79ad6841-b75d-4ce0-b209-8116120c63f0
passport,/content/drive/MyDrive/others_final/88515.jpg,passport,,passport,1.0,66.654226,5f1a6086-ead6-43b7-b0fa-770c291f6fec,9babcdf2-6df9-4728-b2b5-b44528a7397c
passport,/content/drive/MyDrive/others_final/85036.jpg,passport,,passport,1.0,62.302697,920f75cd-10e6-44f3-8afe-b00143345caa,683fbe76-90ae-4ff5-ad5b-7a534c43530e
passport,/content/drive/MyDrive/others_final/88206.jpg,passport,,passport,1.0,67.171629,98c00cd6-6682-443c-9721-0345b070f928,50d46c83-a681-4794-a4b7-b5fef6ba5ce0
passport,/content/drive/MyDrive/others_final/89677.jpg,passport,,passport,1.0,67.80719,9ae7e44c-bff4-41b2-8d20-405f97681721,bd7ba4ed-b356-4423-bfcc-c41cc966fb5b
passport,/content/drive/MyDrive/others_final/91454.jpg,passport,,passport,1.0,67.323133,9fd68a82-5ecb-4822-baad-cfec301338ac,ad291fce-65e0-40a7-9e96-f50a20fd3830
passport,/content/drive/MyDrive/others_final/88515_2.jpg,passport,,passport,1.0,86.718792,ad6395f0-7d7c-40fd-b515-652bb748d4f6,59545afa-9de6-498a-91d3-342830ded56e
passport,/content/drive/MyDrive/others_final/92176.jpg,passport,,passport,1.0,95.528903,b401c6f9-7302-4664-b48a-1d31208b57c9,354ba7cd-1164-4869-8c20-821968112090
passport,/content/drive/MyDrive/others_final/97103.jpg,passport,,passport,1.0,109.95798,6eed1273-3800-40c4-84ed-6bf75d195ca2,392b0f85-6670-47d3-91a2-d709e12e2071
passport,/content/drive/MyDrive/others_final/76036.jpg,passport,,passport,1.0,113.824157,870d06a6-9dd0-4ab7-876a-cb767545c7b7,6d549015-99e9-45f4-a7c3-a87f9cc0ce62
passport,/content/drive/MyDrive/others_final/89443.jpg,passport,,passport,1.0,97.86857,b72c3cf2-0097-4aaf-a3f0-09cc213b635c,06629de2-9f2b-4d36-99ae-b8dce08920a1
passport,/content/drive/MyDrive/others_final/97672.jpg,passport,,passport,1.0,90.039027,dc1c0894-5fe9-49ec-8d7b-c62568b19c66,775183e7-7dc2-403a-9ee0-a974e1867a43
passport,/content/drive/MyDrive/others_final/93108.jpg,passport,,passport,1.0,112.464167,942feee5-243c-41f2-8278-ed4a353d9489,6d5c06b9-5bf6-4283-9a2a-a6cf1d5c005f
passport,/content/drive/MyDrive/others_final/83258.jpg,passport,,passport,1.0,94.859796,d1127755-dbcc-4a22-9df8-0bd020fb515b,45c61784-7c2d-4ca7-9625-9d44997856f3
passport,/content/drive/MyDrive/others_final/77096.jpg,passport,,passport,1.0,79.337545,f11f2af6-44de-4eba-8106-e9107f37f0c1,464a9833-3fba-4e05-89a0-49e185ce7bb2
passport,/content/drive/MyDrive/others_final/83498.jpg,passport,,passport,1.0,71.784701,009fa252-40d8-4d52-93e4-c9e10b70e03c,6b5ee78c-2435-440e-9b25-6f5c6ca4df31
passport,/content/drive/MyDrive/others_final/90638.jpg,passport,,passport,1.0,63.91255,0e74bc78-b936-4b93-b335-b38550adf4ae,715950f1-9cbe-4f0f-8e12-e6ee0e2991da
passport,/content/drive/MyDrive/others_final/80903.jpg,passport,,passport,1.0,116.587303,a270d241-d6de-4e8c-a8a0-2706fb29a91b,fbb6bd0f-a8e5-43ef-adad-929df2de9d23
passport,/content/drive/MyDrive/others_final/75291.jpg,passport,,passport,1.0,59.999159,0f4f70a8-9f4c-490c-9b9b-53401ef9a1a8,21d2d033-90dc-4749-b85b-1edfa5eb8ed0
passport,/content/drive/MyDrive/others_final/75965.jpg,passport,,passport,1.0,59.841106,0f753c54-112b-442d-be33-38a99fe8de32,8ed556f6-e7ec-4218-aa2b-4d58dbd1977f
passport,/content/drive/MyDrive/others_final/76571.jpg,passport,,passport,1.0,56.029749,155f24a8-3279-4d68-b676-67424a267f77,3b7eec2f-c345-40dc-9313-f1ac67429fcf
passport,/content/drive/MyDrive/others_final/84030.jpg,passport,,passport,1.0,57.774103,20a11914-c87c-4dd0-a801-419a6976850e,dd1b12d4-f7e3-4e36-9a86-138e503f2591
passport,/content/drive/MyDrive/others_final/76236.jpg,passport,,passport,1.0,113.870029,c33398d2-89ea-4057-933b-a4cd526f5075,59ef2140-33d1-4544-bf28-c15bb7de5bb6
passport,/content/drive/MyDrive/others_final/74392.jpg,passport,,passport,1.0,105.973819,ed88ab07-2765-47f8-a3e8-3e50242597e3,1d39494d-e7a1-4888-b1fd-0f887a94ea7b
passport,/content/drive/MyDrive/others_final/87515.jpg,passport,,passport,1.0,132.152047,af763a5e-77bf-49a2-9573-b49320707141,197fed0d-49d6-4a0b-a9fe-de92cb32f876
passport,/content/drive/MyDrive/others_final/88413.jpg,passport,,passport,1.0,40.133763,42bb1787-7d9f-4522-8073-a51baa12da3c,ad4fb422-ecd2-43d9-ac45-d0e0addd4657
passport,/content/drive/MyDrive/others_final/77695.jpg,passport,,passport,1.0,79.179878,1adacc0c-194a-4737-b186-f4918c1e71df,c2253016-0024-4e80-97f2-352d624c7f36
passport,/content/drive/MyDrive/others_final/85551.jpg,passport,,passport,1.0,38.98718,536222bb-b4ac-4b89-8e32-3ee62ebb00fd,5cae39e9-d391-4c34-b559-59cce8659f60
passport,/content/drive/MyDrive/others_final/77168.jpg,passport,,passport,1.0,38.780245,5e8d609f-10fd-4faa-a9ce-75f0c5509136,22dac20d-5ad0-4858-a5b9-f5fe90e72beb
passport,/content/drive/MyDrive/others_final/87641.jpg,passport,,passport,1.0,44.16353,5f67fa82-8e87-4794-960b-01841ce156d0,de5b88aa-2660-4b1b-8f55-051df8fa5ce8
passport,/content/drive/MyDrive/others_final/98178.jpg,passport,,passport,1.0,48.080791,6721dc26-52d0-43ae-b653-7ed782f43a7c,916fccba-e22a-4d47-b0b6-e457edfa1475
passport,/content/drive/MyDrive/others_final/85926.jpg,passport,,passport,1.0,71.691104,2696b6f5-c3f0-41b3-82db-5c9d5f263734,cf73ce80-01fe-4878-be6e-1f9c50c391a6
passport,/content/drive/MyDrive/others_final/74631.jpg,passport,,passport,1.0,52.286969,6972c747-6b60-4bc1-b4ee-38378ff75221,d2800784-aad1-49d8-8727-d1c213642393
passport,/content/drive/MyDrive/others_final/89138.jpg,passport,,passport,1.0,67.360785,283112b5-e4ce-482f-9a6c-08bea446b60f,4f0ebc50-cb4a-4412-9fbe-9940bc31ca8c
passport,/content/drive/MyDrive/others_final/84467.jpg,passport,,passport,1.0,53.025492,935968c3-9429-4108-8fa5-6bb422572f31,ac9a1439-8bfd-4824-85e6-5ca94425c147
passport,/content/drive/MyDrive/others_final/89095.jpg,passport,,passport,1.0,53.870497,c0d2162a-5f90-47dd-bb2f-cee690594d38,9a480005-6943-4de4-8733-de44ea865b04
passport,/content/drive/MyDrive/others_final/78898.jpg,passport,,passport,1.0,54.161381,d95b2fed-3a33-4f7c-a20c-fe47138e4c70,12a8669f-106a-46de-b8a2-e32abe7c7994
passport,/content/drive/MyDrive/others_final/88762.jpg,passport,,passport,1.0,53.385192,f24d64f8-43a6-4eea-8370-1a3712849b07,1ece5d59-c175-4cc6-b14d-d065b5371829
passport,/content/drive/MyDrive/others_final/96722.jpg,passport,,passport,1.0,62.502552,bc772fb5-ad92-469d-94c5-7266453bb852,3e6e6b14-4955-4901-a553-5eb19b7244cd
passport,/content/drive/MyDrive/others_final/78427.jpg,passport,,passport,1.0,62.777083,f6097a48-e4ab-4b08-9f41-2ae0348daea9,24c1f32f-568b-401e-b682-dbd38271f251
passport,/content/drive/MyDrive/others_final/90051.jpg,passport,,passport,1.0,83.966883,6c9d39d3-f0ee-4ce4-9621-ff695f331841,a3310677-9d36-49f6-aab6-c083365103cd
passport,/content/drive/MyDrive/ugandan_final/75731.jpg,passport,,passport,1.0,76.312202,085bcea9-485c-47cb-bc2a-a1497b8cc091,a51d48e1-6a4d-4513-b5f3-b6b6fca002cb
passport,/content/drive/MyDrive/others_final/76676.jpg,passport,,passport,1.0,99.184359,af839fe6-1aee-47c4-b1cf-6228ddf1083e,d8bc2f7b-0f7d-4315-83df-fa66aa48dd0b
passport,/content/drive/MyDrive/ugandan_final/81419.jpg,passport,,passport,1.0,72.709902,336a58ef-188a-4e3e-8df5-cf81c8d00380,b1514e0c-2dbb-42af-b998-651dbce10f63
passport,/content/drive/MyDrive/ugandan_final/76519.jpg,passport,,passport,1.0,76.283132,36694721-0ab5-4ee7-a088-889883e77d84,22d6215c-03be-4770-9cdb-08ed930d4a2a
passport,/content/drive/MyDrive/ugandan_final/76477.jpg,passport,,passport,1.0,79.698642,3fb08ed8-2f47-4447-b7dd-6f32f3850d77,d466b180-3ab2-4774-ba49-1b03fb4b1d9c
passport,/content/drive/MyDrive/ugandan_final/81745.jpg,passport,,passport,1.0,75.717692,43c249a7-470e-4675-abbe-810d2296a375,222fb105-6a9f-4258-8f7f-0469f81a997f
passport,/content/drive/MyDrive/others_final/78716.jpg,passport,,passport,1.0,116.624596,c8b46aff-39f1-4d1b-96c6-43868b462b32,5251087b-ac9b-40da-a293-52919bc3080a
passport,/content/drive/MyDrive/ugandan_final/75007.jpg,passport,,passport,1.0,80.132872,447cf709-985a-4e80-a72f-22ffe8646530,41b5b8aa-69b5-4af8-9408-140e80d0a651
passport,/content/drive/MyDrive/ugandan_final/78607.jpg,passport,,passport,1.0,84.505115,6a77ca0a-55c2-4dd0-80b0-1f631366cdf1,ee5d6b12-84f7-458e-afe6-c5f806f86089
passport,/content/drive/MyDrive/ugandan_final/84094.jpg,passport,,passport,1.0,93.63153,78d0bfc5-2c71-4b1b-927c-ef46a7958467,f807c17d-dbef-429b-b8fe-a491ec06492e
passport,/content/drive/MyDrive/ugandan_final/79626.jpg,passport,,passport,1.0,93.701819,823533dc-7d3d-4069-9c47-b182663d04d1,1920241b-c553-4576-bfb7-b47e4018ac47
passport,/content/drive/MyDrive/ugandan_final/78476.jpg,passport,,passport,1.0,120.524511,2939938b-6471-4b1f-bf1d-1e7a30aefa28,9b34520b-a95d-48e3-b14e-b3e0144c4366
passport,/content/drive/MyDrive/ugandan_final/86345.jpg,passport,,passport,1.0,92.152783,97fc4dfc-879e-4ecb-9dcd-4f939324a3a6,4978b7b2-b314-46a4-b5b0-ac47f9dedf45
passport,/content/drive/MyDrive/ugandan_final/88066.jpg,passport,,passport,1.0,92.89925,9a926f0b-e50e-4efb-ad68-17482c0416f7,d467f210-e8a6-451e-b47a-a3ac92e2f490
passport,/content/drive/MyDrive/ugandan_final/76432.jpg,passport,,passport,1.0,96.204604,b4855d3d-e3a4-4770-94ea-caf84af8e235,cf384bd2-8218-4bec-8c05-33d7ae14465f
passport,/content/drive/MyDrive/ugandan_final/78734.jpg,passport,,passport,1.0,91.70879,b9f4630f-0d60-476f-9f7e-1339c117409e,6a9d6899-8c1d-496b-ab30-70b2c2ca9824
passport,/content/drive/MyDrive/ugandan_final/84757.jpg,passport,,passport,1.0,87.727703,bd2fce91-59a2-4e3d-9181-b4511e093e74,fecbaa32-0137-4b7e-9bfb-95143cc0c5a9
passport,/content/drive/MyDrive/ugandan_final/76983.jpg,passport,,passport,1.0,125.129074,51683bab-c7c4-409a-8833-19049174e2af,902ecb46-6798-44bb-aaae-3cc4fa378072
passport,/content/drive/MyDrive/ugandan_final/74115.jpg,passport,,passport,1.0,151.399707,46997bb3-b049-41ac-89c9-6ecefb3501c9,a4bbfe38-e4e9-448e-89d3-524d95ce6e15
passport,/content/drive/MyDrive/ugandan_final/86360.jpg,passport,,passport,1.0,74.255101,c9c16124-7242-4319-aee4-1af22b5d2c9f,0c5d46c2-342a-41ec-9758-7dcef6dfc213
passport,/content/drive/MyDrive/ugandan_final/87295.jpg,passport,,passport,1.0,73.131551,cea76b3c-6cdc-49a8-8da3-e005ef3770d2,ce1a1353-bc22-4c8c-8aa5-df09df79bcf7
passport,/content/drive/MyDrive/ugandan_final/98314.jpg,passport,,passport,1.0,68.020886,df941a30-eb6e-4d6e-9e39-fcff40ab9cf1,b1d8cafc-6071-4e22-8a92-9a85aad16b66
passport,/content/drive/MyDrive/ugandan_final/74842.jpg,passport,,passport,1.0,61.810066,f1d28b01-8a60-4384-a226-e8debb9513fa,2b4314a0-4cda-4180-982d-3925ba8c0c0b
passport,/content/drive/MyDrive/ugandan_final/78825.jpg,passport,,passport,1.0,68.71613,e941f11b-6ea0-4b64-ac8a-90bce5614283,e41b8708-ac63-45ba-86f6-b60abf3247b8
passport,/content/drive/MyDrive/ugandan_final/94919.jpg,passport,,passport,1.0,129.162479,9569f4bd-7d4f-4c34-a5a0-130f2a820d6e,7c74586c-a7c2-49e8-aff6-cce6750ef069
passport,/content/drive/MyDrive/ugandan_final/97139.jpg,passport,,passport,1.0,55.338941,0ba9b26f-14c6-4d80-8c0d-c78d3460801c,bb2ebd79-30c9-4db2-8142-d81d021fe73b
passport,/content/drive/MyDrive/ugandan_final/81556.jpg,passport,,passport,1.0,41.230226,2bbb267e-2a82-46ad-afbe-3a481ee50ebf,628f9cb1-afc5-422a-8b5a-da52f4a0fa84
passport,/content/drive/MyDrive/ugandan_final/89934.jpg,passport,,passport,1.0,40.598562,2c517d3e-cf9a-43e6-a334-47c652d3a259,d6929d7f-f38e-4e8c-931d-e88516240535
passport,/content/drive/MyDrive/ugandan_final/75987.jpg,passport,,passport,1.0,80.065526,e5f907bd-83fb-4d21-bf29-9ce606300ead,531f2091-3623-4932-94dd-ad6ab2943029
passport,/content/drive/MyDrive/ugandan_final/87906.jpg,passport,,passport,1.0,89.32608,cfaa84fa-461e-4205-a3c5-b6496268097e,f399e45c-dc03-479a-8ac9-df9ef2ff1b6f
passport,/content/drive/MyDrive/ugandan_final/93146.jpg,passport,,passport,1.0,41.125145,3bfb3ec2-ee3e-4ca7-919b-7252800520ef,ba16081c-170d-4a35-a2f4-4e27ccfed59f
passport,/content/drive/MyDrive/ugandan_final/95937.jpg,passport,,passport,1.0,38.309864,46a6f5f7-7537-41cb-bda8-1dd2b6a912ba,5c97d1b4-2cc3-400e-9415-ebc4efc9cd7d
passport,/content/drive/MyDrive/ugandan_final/83148.jpg,passport,,passport,1.0,45.166167,3f20ad58-121e-4a85-b63c-0e666cfa90a4,cbb4efd2-0c7b-4009-a6ee-4db466c8eb4d
passport,/content/drive/MyDrive/ugandan_final/84741.jpg,passport,,passport,1.0,40.525027,54b5182d-56ab-4289-94ab-44b923a7f29d,31d2974a-1fc4-47a9-9696-d5aa9bfe7b55
passport,/content/drive/MyDrive/ugandan_final/91854.jpg,passport,,passport,1.0,42.001692,4d80c0b5-c8a0-460a-b16d-fd89df616044,c1eacd79-9b6d-49d7-8d28-8f3e4c68d18c
passport,/content/drive/MyDrive/ugandan_final/92561.jpg,passport,,passport,1.0,45.854288,67b3bd2a-47a6-4b14-9c7f-cce9f9ef8a65,b2352ab5-ae55-4f04-9933-2202dff4e71b
passport,/content/drive/MyDrive/ugandan_final/85924.jpg,passport,,passport,1.0,52.92622,6bee28b5-7575-4d64-bafe-bfb50a579dfd,b5e7cdfd-aca6-42fa-b0fd-8fb1a6ed65e1
passport,/content/drive/MyDrive/ugandan_final/88261.jpg,passport,,passport,1.0,66.312239,74ea7011-c2ad-4db6-8deb-a6d4ab991cd2,812b8dd1-184a-471b-a64c-00f26e0de6af
passport,/content/drive/MyDrive/ugandan_final/83503.jpg,passport,,passport,1.0,64.671713,78016abb-72c5-4e29-bfd2-23dc4fdbe280,f7ab86a0-22e1-447e-8da3-5bd45bdec2d0
passport,/content/drive/MyDrive/ugandan_final/97735.jpg,passport,,passport,1.0,60.073937,9848047d-3fc9-4d0c-bf95-32e25be932b6,3a25c7fb-2001-4bf1-a5c8-29bf3cec242d
passport,/content/drive/MyDrive/ugandan_final/77289.jpg,passport,,passport,1.0,61.14539,9b3a1088-872f-4da9-8280-372b7cb2f8f7,5f2fb00b-791b-4332-9567-05a60e270070
passport,/content/drive/MyDrive/ugandan_final/80409.jpg,passport,,passport,1.0,61.739658,b52b6463-8f9d-476e-a1bd-f1e86983ab13,af4071b8-07ed-4e95-8551-8db40eca0f60
passport,/content/drive/MyDrive/ugandan_final/89080.jpg,passport,,passport,1.0,66.120762,f5edace3-0f20-4adc-9fd2-b9ca7b2ca25a,b28428d9-269f-471a-a5bb-96cf0dc0cf37
passport,/content/drive/MyDrive/ugandan_final/79361.jpg,passport,,passport,1.0,88.616764,77541592-7864-4c8a-a3e6-5e81634c1e70,eb8366ad-bac2-4b4c-a23e-ab8898e4df6f
passport,/content/drive/MyDrive/ugandan_final/79064.jpg,passport,,passport,1.0,70.128805,f87494d2-d674-44c0-a2ce-8182771ec9e3,5b233d4a-c42f-4eea-9a52-2f56c9c56025
passport,/content/drive/MyDrive/ugandan_final/79360.jpg,passport,,passport,1.0,69.178464,f908f52b-f471-4ae1-8511-712fdf9ec5f4,052763d2-8a3b-4ff9-9a72-99e6b21332fc
passport,/content/drive/MyDrive/ugandan_final/78061.jpg,passport,,passport,1.0,71.782094,f710cee8-b09b-4938-a9e9-bcaa80ff5716,c51cc115-0256-4ef5-8c01-5cbf265cf162
passport,/content/drive/MyDrive/kenyan_final/91794.jpg,passport,,passport,1.0,73.860812,0f55cef5-0a1f-4cc8-9449-5cdefff652dc,7c5ce941-f2d6-4f80-b2ea-d84c5948ff44
passport,/content/drive/MyDrive/kenyan_final/78407.jpg,passport,,passport,1.0,77.769314,2b83e36e-dd19-4b34-8b3a-bae72494a598,60b6baf3-5f60-4759-8958-fffdfc424691
passport,/content/drive/MyDrive/kenyan_final/84386.jpg,passport,,passport,1.0,75.523701,308c850e-0dba-4be5-a55b-e961d3970506,5a2d3013-ebef-4830-8b1f-73571756d35b
passport,/content/drive/MyDrive/kenyan_final/83094.jpg,passport,,passport,1.0,82.332835,30a14a8f-daf1-4b38-82c8-4d1670ac6fc5,4a2eec71-31a2-46e6-9ec1-b9d2afb991c7
passport,/content/drive/MyDrive/kenyan_final/73947.jpg,passport,,passport,1.0,70.538968,416e569b-fcab-41ef-a522-1f3c33a14a1c,d67596d1-43c4-453c-b427-0659a0ad6f80
passport,/content/drive/MyDrive/ugandan_final/75641.jpg,passport,,passport,1.0,109.370473,9c26d62b-66c5-41a6-a6f6-eaca41ccf2e7,c85f5f21-59cf-4cba-a53e-db5b05061c3c
passport,/content/drive/MyDrive/ugandan_final/91628.jpg,passport,,passport,1.0,109.624772,bc03bf7a-d11e-4695-be1e-8fc5e2ae1c69,6da61294-fbaa-40c1-b78c-c28103dbf789
passport,/content/drive/MyDrive/kenyan_final/83548.jpg,passport,,passport,1.0,60.500526,5e2da13c-4c10-442b-bc2a-68ca42064a91,e94e30d4-ea6c-40e2-9f30-820d1dbabf16
passport,/content/drive/MyDrive/kenyan_final/77590.jpg,passport,,passport,1.0,60.4405,6186141d-ad1c-4985-b510-cac116f6ec79,61a5b259-e80d-4f98-9331-c8c0c125b72f
passport,/content/drive/MyDrive/kenyan_final/74388.jpg,passport,,passport,1.0,65.484173,5a8410e9-3ad8-4ecd-a6a6-834867969a54,deead2d0-cc64-4946-a59a-53ee64b4a900
passport,/content/drive/MyDrive/kenyan_final/87128.jpg,passport,,passport,1.0,57.783421,74a28003-1a7b-473f-9ee7-837c5a151b79,e6894bf4-dd2c-42c1-a6ed-fccb04ab86d8
passport,/content/drive/MyDrive/kenyan_final/80885.jpg,passport,,passport,1.0,51.202318,7f48506d-8d4f-4812-953c-72b98b4c3fea,3c9228d2-a1b3-42ac-8461-9a595dadc212
passport,/content/drive/MyDrive/ugandan_final/96884.jpg,passport,,passport,1.0,184.374089,076385de-f4e3-4be1-9e65-dbbead308e1b,34d55f8b-3b8c-44bf-9aa4-d2954df75574
passport,/content/drive/MyDrive/ugandan_final/87396.jpg,passport,,passport,1.0,164.321843,27dbe752-0dc3-4b06-9721-3556c086ce73,e44a25cb-8cd2-4181-b7ad-4890ace781ac
passport,/content/drive/MyDrive/kenyan_final/80436.jpg,passport,,passport,1.0,93.975548,41570f7e-09dc-4ee2-a4c2-10eaa36e5eb3,c0edf2b7-a163-4c6c-b103-efa823fccd69
passport,/content/drive/MyDrive/kenyan_final/80440.jpg,passport,,passport,1.0,74.687201,4682e6c2-e610-42c5-b852-953536dae554,50a4e142-ffa2-47c8-b7ca-a614053d0fde
passport,/content/drive/MyDrive/kenyan_final/75850.jpg,passport,,passport,1.0,42.726375,ab8da7e3-67ba-4505-a858-ddda7bed5edb,c79afc6d-040c-42e4-bd31-fcaa01290a0f
passport,/content/drive/MyDrive/kenyan_final/81441.jpg,passport,,passport,1.0,53.392965,7f73ebd9-7206-48ac-b5c1-0585f5e28b3e,53c5e192-129a-4353-9697-a3eee4823dca
passport,/content/drive/MyDrive/kenyan_final/86417.jpg,passport,,passport,1.0,52.097626,9ac9461b-6982-4c10-b34a-bbd9401734b7,79c93b64-9529-40b7-a20f-21f7870c0cfe
passport,/content/drive/MyDrive/kenyan_final/88825.jpg,passport,,passport,1.0,53.939847,83ca9347-7d63-41db-9257-212e177e95cb,61850690-33e6-41a0-b5f0-31e81119f30d
passport,/content/drive/MyDrive/kenyan_final/78067.jpg,passport,,passport,1.0,39.341063,adc1ee89-49b1-4ab6-a236-0e874f3edf83,041e8717-25ca-42da-88c9-4600661e8fb3
passport,/content/drive/MyDrive/kenyan_final/86422.jpg,passport,,passport,1.0,39.289161,c89f794b-62be-4c26-8df7-66e235823975,07ed5616-73e9-4ef6-9ad1-781ea438c06f
passport,/content/drive/MyDrive/kenyan_final/88539.jpg,passport,,passport,1.0,29.755631,dad7672e-9f0f-4956-90b3-4659d301c53a,f41c0085-1f4a-4e43-ad25-a7fbca4f07e9
passport,/content/drive/MyDrive/kenyan_final/87124.jpg,passport,,passport,1.0,33.732713,cc15b4d3-8ef4-44de-bfb6-206336586a77,550b6708-60b9-4c04-9713-6036ece42159
passport,/content/drive/MyDrive/kenyan_final/76161.jpg,passport,,passport,1.0,63.233566,924d4fe5-c0d3-4397-8b52-8f6500395a0f,82d59900-52b7-41a4-be79-2feed38e9d0c
passport,/content/drive/MyDrive/kenyan_final/81563.jpg,passport,,passport,1.0,29.694244,0315ecb3-785c-4602-be23-2a96c24b22b0,700b7e00-8f30-4d01-9508-c86330ee53cb
passport,/content/drive/MyDrive/kenyan_final/86235.jpg,passport,,passport,1.0,32.578382,e62ee53b-e84a-478a-8f75-04a4169f8d16,3dbe1a34-ff0c-41cf-ac3d-5a75f7589c05
passport,/content/drive/MyDrive/kenyan_final/82681.jpg,passport,,passport,1.0,25.946951,1f6d3e35-b683-4e14-a7f4-fc21726c811d,20410e1b-6546-4c15-9ede-dd85bf77c95c
passport,/content/drive/MyDrive/kenyan_final/76878.jpg,passport,,passport,1.0,27.972901,18d6a3c6-2418-41f2-9af5-9c8c2165c33b,c70a296a-b751-4aef-88df-b5f418625912
passport,/content/drive/MyDrive/kenyan_final/78357.jpg,passport,,passport,1.0,29.970908,4fbbf42c-efa0-401d-b23d-f21da9ad3ec3,c0f85499-fbd1-40f3-a102-3ce3f4b40644
passport,/content/drive/MyDrive/kenyan_final/87208.jpg,passport,,passport,1.0,31.467015,5284d620-3ff0-4b25-b7ae-794103aba302,5132e6cc-7d11-4193-b5f9-214b5313bc22
passport,/content/drive/MyDrive/kenyan_final/84001.jpg,passport,,passport,1.0,37.48445,0ddf35b2-52ce-451d-bc81-4068ef9e8652,509bb7a9-7a46-4c7b-96b0-4ebf1400cc7a
passport,/content/drive/MyDrive/kenyan_final/76127.jpg,passport,,passport,1.0,35.448625,659aea6c-9580-4f68-9d95-71d059833a32,635afbbe-fb0a-44df-bc1b-6cea304656ac
passport,/content/drive/MyDrive/kenyan_final/84622.jpg,passport,,passport,1.0,40.361182,22c33d3d-4917-4f3b-b804-4cdfb1d83ed7,a4e31539-85ea-44fb-b438-3d61297bf770
passport,/content/drive/MyDrive/kenyan_final/81548.jpg,passport,,passport,1.0,37.843683,8d712704-b8b4-4540-8427-ffbd18438cba,407de491-4b2f-480e-b936-6d01ade4ef0a
passport,/content/drive/MyDrive/kenyan_final/84679.jpg,passport,,passport,1.0,39.507297,9e8fe2d6-a957-479c-8327-ea01bf08f206,36aee4df-13b4-40f5-a645-4a6c68396798
passport,/content/drive/MyDrive/kenyan_final/82820.jpg,passport,,passport,1.0,40.134958,9e5b7a27-47d8-4114-a749-8850627d0f14,be467e37-6411-4876-af6a-b5ddde8a962b
passport,/content/drive/MyDrive/kenyan_final/76898.jpg,passport,,passport,1.0,41.531483,a5998f71-758c-4605-a301-a6724529aa32,c005acf8-3067-4533-9c25-739edcf68bd8
passport,/content/drive/MyDrive/kenyan_final/79374.jpg,passport,,passport,1.0,51.417882,6480902f-50ca-41f7-9924-131ed3f81f3b,9ec7becf-a2aa-46e7-9a0c-d907ece7f967
passport,/content/drive/MyDrive/kenyan_final/83035.jpg,passport,,passport,1.0,49.320649,68cea4d5-7458-4dbe-b178-57a6214c8f99,5c5e06ca-418f-4044-b976-6cb78cdb1f61
passport,/content/drive/MyDrive/kenyan_final/80592.jpg,passport,,passport,1.0,39.378228,bf4236ba-55f5-4a08-859d-e609208a580b,1997f5b8-ccc1-4314-ae83-4473c978a32a
passport,/content/drive/MyDrive/kenyan_final/76831.jpg,passport,,passport,1.0,42.095568,d6291470-a493-4bb7-9da0-c804bb811035,89265136-407f-42c6-ae41-22b9c0f2153c
passport,/content/drive/MyDrive/kenyan_final/79795.jpg,passport,,passport,1.0,48.481562,caa664f9-5da7-4b63-9336-b470dc6d8cd0,6fcf26a7-25b3-4dc9-83b2-d3c98a3b3b19
passport,/content/drive/MyDrive/kenyan_final/80762.jpg,passport,,passport,1.0,48.269161,e1b24836-fba3-4456-8cdc-4e3ee45dd592,2c1a1d52-5b05-4516-a9bb-b78ed6e09a12
passport,/content/drive/MyDrive/kenyan_final/79563.jpg,passport,,passport,1.0,49.467192,dcdfda62-fe1e-4a85-a8ba-d074c26e399f,6cbeab87-bb97-4c2b-9b48-9acf849ebc11
passport,/content/drive/MyDrive/kenyan_final/77745.jpg,passport,,passport,1.0,45.282408,e8b9e749-0ee3-4c87-8414-8182903fc90d,60752eb3-2f17-4c21-80f5-1648972e0a10
passport,/content/drive/MyDrive/kenyan_final/83108.jpg,passport,,passport,1.0,42.712636,fcba7f4a-66a4-47b4-8e2f-5091f139d967,f3487686-20bc-4802-a3bb-973681e0d09b
passport,/content/drive/MyDrive/kenyan_final/97719.jpg,passport,,passport,1.0,64.12856,bbcfe8a1-be24-424f-9b12-e2ab659aa5c6,fce7f09c-9ac7-431c-94de-71203f0fd28c
passport,/content/drive/MyDrive/indian_final/79853.jpg,passport,,passport,1.0,44.929343,3a2ba6e0-e24b-4044-a6d3-1601573ee354,3277f159-9c91-40da-a439-b9c23a557dbc
passport,/content/drive/MyDrive/indian_final/79977_2.jpg,passport,,passport,1.0,38.788249,20ea2f9f-5669-4aaf-8293-a8f7c229a63a,760a5775-3e7a-474b-9042-27c724d3054b
passport,/content/drive/MyDrive/kenyan_final/78564.jpg,passport,,passport,1.0,62.436772,c141c0f7-e9c7-43cd-8ab3-70e7479516ac,788d73c6-8533-4541-b3f4-2c92e56e11c0
passport,/content/drive/MyDrive/indian_final/79977.jpg,passport,,passport,1.0,41.047214,3804f832-899c-45ce-a40a-7940d0f31314,72795e3f-54cc-49d7-ae35-9a0b519e918a
passport,/content/drive/MyDrive/kenyan_final/86482.jpg,passport,,passport,1.0,61.611694,ef312a8c-308a-445f-9e50-f70aeab04683,3da6fe38-0eef-425c-858f-e470ac772329
passport,/content/drive/MyDrive/indian_final/89516_2.jpg,passport,,passport,1.0,41.262798,3a03873c-fa1c-411b-ba77-fa5864aecd40,ef7ce03b-c451-47a8-bf6d-94da57ed1602
passport,/content/drive/MyDrive/indian_final/76142_2.jpg,passport,,passport,1.0,44.879829,51fadee3-21d6-4a06-8967-a130f6f92c89,9abc0bb1-7829-4f7a-ab33-033cfe0ff989
passport,/content/drive/MyDrive/indian_final/85595_2.jpg,passport,,passport,1.0,46.70249,5c3dd9e2-2fe3-416a-a80f-e0d6c2b059cf,e664cff7-65f7-464f-bce3-5516b61fb78d
passport,/content/drive/MyDrive/indian_final/79853_2.jpg,passport,,passport,1.0,69.96356,54c356da-c90b-4e87-b48a-717d4538985f,8ece0136-34a1-40c0-a26a-9bdfa4342747
passport,/content/drive/MyDrive/indian_final/88602_2.jpg,passport,,passport,1.0,63.351507,6fdf6c14-67e1-41bc-8553-f932f23a55cf,2a5a0501-2ed3-406a-b7c1-f4e51cf454c1
passport,/content/drive/MyDrive/indian_final/85426.jpg,passport,,passport,1.0,66.49723,702bae55-39c7-470e-8731-8e42068c60d8,fd625756-ab1c-4d75-ab28-3e4aed96c53f
passport,/content/drive/MyDrive/indian_final/86304.jpg,passport,,passport,1.0,82.399168,2bfc925f-0f0d-42cf-bb41-dea06e5b8747,08c49f73-9ad6-4ab8-941d-d7a72064a723
passport,/content/drive/MyDrive/indian_final/85426_2.jpg,passport,,passport,1.0,59.400108,7d98880c-f9e8-4751-9a16-4dcfc73a47e1,b2cca5f6-4099-4219-bb34-581458dc334f
passport,/content/drive/MyDrive/indian_final/87894_2.jpg,passport,,passport,1.0,62.210165,7e02ff33-2869-4278-aaad-08e410afe1a8,3b72dd30-8eb9-4f23-81cb-fff28f8ea20e
passport,/content/drive/MyDrive/indian_final/77486_2.jpg,passport,,passport,1.0,71.997292,8e0a6d18-db37-4fd2-8d91-46ca0021c802,0d27910c-8675-4609-8df5-670f5b54ffb8
passport,/content/drive/MyDrive/indian_final/87894.jpg,passport,,passport,1.0,77.042324,984772ed-77a0-4a92-bafb-bd90cff1e999,4d3a066e-97ba-42a4-9762-219154e7eae3
passport,/content/drive/MyDrive/indian_final/76142.jpg,passport,,passport,1.0,87.354754,b389785c-341a-44eb-9187-9e66a89b2ce0,6b9f437e-cc05-4933-8a93-923032f3eebb
passport,/content/drive/MyDrive/indian_final/76438_2.jpg,passport,,passport,1.0,106.971674,5fed04f2-84e9-44c2-8cc5-74ba7a9afa6c,d57feed8-28b8-4fa0-992d-570415dba548
passport,/content/drive/MyDrive/indian_final/76438.jpg,passport,,passport,1.0,87.272125,d7cb08af-75b2-45cc-95ae-d4fe64259868,4cef7d53-7908-4e90-8d35-27aa5e9e6777
passport,/content/drive/MyDrive/indian_final/86425_2.jpg,passport,,passport,1.0,87.247482,dab1df19-7b1f-4eef-aa4f-5284107f9824,80b24aa1-b067-4c5f-afae-547f07d8c532
passport,/content/drive/MyDrive/indian_final/86304_2.jpg,passport,,passport,1.0,88.25685,df25e70a-fd52-4ead-abbf-3cfa8d937bb6,0e00a4ac-b173-4c60-90f2-d75adbf4d72d
passport,/content/drive/MyDrive/indian_final/89516.jpg,passport,,passport,1.0,92.492846,dfac8905-5ff0-46cc-95b3-4ad54a295e86,b128624d-b97e-4394-8c18-56ac32c40552
passport,/content/drive/MyDrive/indian_final/78174_2.jpg,passport,,passport,1.0,92.560742,e0591882-7183-4f44-986e-fcc2c501239b,2693c9ad-a737-4a8b-a19b-110e9a5a753d
passport,/content/drive/MyDrive/indian_final/85595.jpg,passport,,passport,1.0,91.741556,fae5260b-cd77-40fd-975b-8df914538e82,8a31b6c0-8f3f-44dd-bce9-b4108d084d08
passport,/content/drive/MyDrive/indian_final/78174.jpg,passport,,passport,1.0,115.246439,d432c493-f534-44a3-b2ac-3d369e3d61ac,89fc7377-8a3e-4825-815f-27f7ee264406
passport,/content/drive/MyDrive/indian_final/94183_2.jpg,passport,,passport,1.0,88.331853,000f35d4-a068-4de7-a117-583629ba96b1,ddc8b945-8420-4be9-8c4b-3214ce892384
passport,/content/drive/MyDrive/indian_final/88602.jpg,passport,,passport,1.0,107.147678,e8c31d8a-25f2-4c91-a1b4-b5b0dad1bcfb,fcb7800c-f26a-4269-b8c2-081dbd9367ff
passport,/content/drive/MyDrive/indian_final/94183.jpg,passport,,passport,1.0,78.070599,07d5d2f1-0cc6-4e3a-bc18-3a47ddb6c3e8,1dde447e-53be-4d5d-9313-48b65390f17a
passport,/content/drive/MyDrive/indian_final/90084_2.jpg,passport,,passport,1.0,77.218,0a9248bb-5528-4116-835e-5341c94e8230,f447f474-e5b5-479e-ad2c-43716609b7fe
passport,/content/drive/MyDrive/indian_final/86425.jpg,passport,,passport,1.0,143.998494,70b839cc-bc36-4d5f-a231-5b59b024c988,7581f083-d691-4be5-b33a-9393d93e531e
passport,/content/drive/MyDrive/indian_final/78970.jpg,passport,,passport,1.0,83.289132,10b3c5f8-a744-43a6-b868-82e50cced8fe,14d6bc4c-a441-463d-a3f3-d8279db6e0a9
passport,/content/drive/MyDrive/indian_final/78316.jpg,passport,,passport,1.0,83.964017,28842f01-5efa-41e9-8dff-6a9bbc470d0c,d5f0f65f-346f-4f51-888f-f42c914cb9ca
passport,/content/drive/MyDrive/indian_final/95874_2.jpg,passport,,passport,1.0,78.432739,42ef0f2a-ac50-47c7-988c-14b2b8c26573,a39d2a10-13de-468b-99dc-21c4762b2a72
passport,/content/drive/MyDrive/indian_final/77486.jpg,passport,,passport,1.0,130.53691,ffbf8fac-cba6-45d1-a321-8a7bb82f3610,f8f71092-ff66-4b89-aa64-ad30e5687eb3
passport,/content/drive/MyDrive/indian_final/88481.jpg,passport,,passport,1.0,68.680368,5af6dbb7-af83-4cd8-9c10-72fb30c3e2b4,d8509a9a-6c97-4785-a53d-8efde551e2a3
passport,/content/drive/MyDrive/indian_final/77694.jpg,passport,,passport,1.0,70.412662,5c4feb8b-5699-41c1-9ad7-6a1691b52b57,7f5dd0da-7679-4929-a776-e5c8660071e5
passport,/content/drive/MyDrive/indian_final/74696.jpg,passport,,passport,1.0,119.379576,02b49f26-33db-4b4a-b0c0-eeb48b1e922d,112168ae-02d7-46c9-8d4d-8d7aca27652f
passport,/content/drive/MyDrive/indian_final/96496_2.jpg,passport,,passport,1.0,70.334976,68d46090-b92b-4e50-b05c-76f212c75374,0107937c-0822-42fc-be66-047d35f4a6da
passport,/content/drive/MyDrive/indian_final/78473_2.jpg,passport,,passport,1.0,59.469492,80f22303-97f2-4b2a-9539-008fa4ffe41c,1c32e7d8-cd95-499e-9a58-f1ffa86ec616
passport,/content/drive/MyDrive/indian_final/77135.jpg,passport,,passport,1.0,98.8979,3e99ddb2-f0b2-4134-bb51-30ea2ebcff49,635a45b7-2aff-4bd3-afa1-d321a7e34561
passport,/content/drive/MyDrive/indian_final/78316_2.jpg,passport,,passport,1.0,56.660368,90cae836-c932-4fe1-8752-060a6f9e9ab2,3771cef7-3e97-44bc-8dcd-4aa2fd3f1f1a
passport,/content/drive/MyDrive/indian_final/96496.jpg,passport,,passport,1.0,52.451179,9e5c522c-9a48-407b-a436-9645c962c70f,f195716d-8cd7-4d3e-8567-93b3bcee6b82
passport,/content/drive/MyDrive/indian_final/74696_2.jpg,passport,,passport,1.0,84.278154,50aa20ef-4823-4743-af71-1005d3b37fe0,f7a6e776-e0cb-4850-9fd4-d5d7c53cda2f
passport,/content/drive/MyDrive/indian_final/91645_2.jpg,passport,,passport,1.0,48.957106,aa6fcedc-72c7-4dc9-a991-a314c44ae435,e4ecddb9-f862-442b-a172-cc9432ebb3f3
passport,/content/drive/MyDrive/indian_final/88481_2.jpg,passport,,passport,1.0,49.177868,bc858633-aa3a-406a-8109-3e40e5978d5d,68e37c10-e61d-46a0-8dfd-66e821fa089f
passport,/content/drive/MyDrive/indian_final/90084.jpg,passport,,passport,1.0,49.312689,bfad1937-2d2d-449c-92b6-88a6f364c078,fc78fc2b-00cf-42ae-a8eb-d6b746c734fe
passport,/content/drive/MyDrive/indian_final/78970_2.jpg,passport,,passport,1.0,84.875319,64824380-4c5a-440f-a117-84046b5b3845,5a07708b-cf51-44ae-abd7-fe2861bb3611
passport,/content/drive/MyDrive/indian_final/91645.jpg,passport,,passport,1.0,43.248328,f262a747-509b-4bc9-97e1-9b3aec388c96,0b8ac0f6-42a0-4885-ac79-05df054b7cd7
passport,/content/drive/MyDrive/indian_final/77694_2.jpg,passport,,passport,1.0,49.054985,f0c8aeb4-c656-4876-befe-0657bee7a27c,0b7b7495-442e-4a51-9b4d-8e8ac90177a3
passport,/content/drive/MyDrive/indian_final/77135_2.jpg,passport,,passport,1.0,82.072484,787234dc-1a8c-4f67-a563-9190c1d8e427,9e6cb493-5419-4ee3-9095-0cf17f5f6b04
passport,/content/drive/MyDrive/indian_final/78473.jpg,passport,,passport,1.0,73.211278,93aa68cc-9713-4037-82f5-bfaacf0dc714,3c9d562e-1515-435b-ad77-470b25e46100
passport,/content/drive/MyDrive/filipina_final/95592.jpg,passport,,passport,1.0,40.15179,b8d29540-c3ee-4aa2-bf38-a709edd12e7e,946efb54-f5b1-45cd-bbcd-38d8972827bf
passport,/content/drive/MyDrive/indian_final/95874.jpg,passport,,passport,1.0,65.201039,c51d825c-d7fb-4886-b183-6d53cb873d7b,8d06b1f5-28d4-4a61-8b30-73974975e85e
passport,/content/drive/MyDrive/filipina_final/97133.jpg,passport,,passport,1.0,47.569825,88fc6c2d-ced2-4148-9cf7-c91a013e8028,ff19c50a-6585-4904-a182-3de1e1f47f66
passport,/content/drive/MyDrive/filipina_final/75312.jpg,passport,,passport,1.0,48.89714,27a6205c-42be-4123-8cb4-72b3077c49c6,ddbc47e0-3e39-4fdf-9446-b278f3a91ae2
passport,/content/drive/MyDrive/filipina_final/76921.jpg,passport,,passport,1.0,51.864534,435c2f2e-baf1-4218-b656-68d7cbf98a05,87592fe6-b446-4ac3-aabf-1ed00e7584b3
passport,/content/drive/MyDrive/filipina_final/82653.jpg,passport,,passport,1.0,59.247027,4d01a60d-a7b0-4c46-86df-f83e758f0f4a,67684a58-a4a2-4696-9942-2af0eee88489
passport,/content/drive/MyDrive/filipina_final/89560.jpg,passport,,passport,1.0,64.607471,550052bc-ca06-4b53-9f76-d92d4780022a,adc105bd-3e2d-45f0-82e0-6840e2fb9937
passport,/content/drive/MyDrive/filipina_final/78951.jpg,passport,,passport,1.0,77.694283,04967b30-a60c-416e-98e8-72998706a7b7,6883f290-7cea-4813-b065-c07aa1dc1e3e
passport,/content/drive/MyDrive/filipina_final/87228.jpg,passport,,passport,1.0,72.710758,5838f3ba-8976-4609-950e-fcc8fe0aeffa,4fd79330-e45e-488f-b2d6-715c6cb97e12
passport,/content/drive/MyDrive/filipina_final/80326.jpg,passport,,passport,1.0,82.644921,74724d95-732a-4fc9-a4d9-0d3e702dc5c8,337b4b32-27ef-4119-a44f-a897b81f8731
passport,/content/drive/MyDrive/filipina_final/85096.jpg,passport,,passport,1.0,43.978307,e7c23beb-58ac-45cc-9a3d-77c7daf642db,5b2dfeab-df77-4af2-a779-32511f944660
passport,/content/drive/MyDrive/filipina_final/81616.jpg,passport,,passport,1.0,42.368361,f165258b-c048-4f93-a1f5-0e8e8de97538,46a8d006-8709-45a7-be0b-94a0875702b8
passport,/content/drive/MyDrive/filipina_final/94603.jpg,passport,,passport,1.0,84.939596,7caa1ff0-99c6-4e51-ac5a-82711dafca52,b3f12d38-0509-4877-a2e0-41f126f6bf12
passport,/content/drive/MyDrive/filipina_final/88571.jpg,passport,,passport,1.0,88.441871,7dcb4672-afdd-436a-a87f-bf3cd83488c1,d423fefe-934a-4d80-9768-69f763700073
passport,/content/drive/MyDrive/filipina_final/78491.jpg,passport,,passport,1.0,104.988164,25f43a53-fe37-4de2-acc2-fd1388e7d92e,fa3b13b1-fc6a-49d5-b6f7-2e4e7634af73
passport,/content/drive/MyDrive/filipina_final/86551.jpg,passport,,passport,1.0,84.804419,9d97ad84-fb7e-4bc9-bef6-67983a4e012d,e3cabe6d-c7c2-480c-9b63-cd26a8d11df5
passport,/content/drive/MyDrive/filipina_final/80214.jpg,passport,,passport,1.0,87.299146,a53d054b-d88a-41af-8e34-f9cc0c23006c,6b72561f-522a-45b6-a692-dea15947e3cf
passport,/content/drive/MyDrive/filipina_final/79243.jpg,passport,,passport,1.0,88.642458,b1c0f07a-4fd2-44a2-8df2-a038770d3981,915bebf9-4abf-4b9d-9b0b-ea0fbaa2525c
passport,/content/drive/MyDrive/filipina_final/78622.jpg,passport,,passport,1.0,118.138075,55a95c4f-84c4-46eb-a09f-a4ac4ed14746,28742e99-9196-41e5-9188-c2753198f885
passport,/content/drive/MyDrive/filipina_final/75885.jpg,passport,,passport,1.0,92.110031,d75c8ca5-3940-443e-b931-a8567367dd7f,b43673ea-546f-46ee-b715-694082879b64
passport,/content/drive/MyDrive/filipina_final/75240.jpg,passport,,passport,1.0,91.03845,df5e9dfb-a8b5-4f5d-b803-c32258a7d5ea,12894f5a-c80e-4a72-8743-bb27d183cb63
passport,/content/drive/MyDrive/filipina_final/96881.jpg,passport,,passport,1.0,120.662875,791a7af5-78ba-4145-bae5-639789a1170a,98fd0131-dcf0-4d0a-b091-94bae2b59faa
passport,/content/drive/MyDrive/filipina_final/84177.jpg,passport,,passport,1.0,66.719294,ff385a2c-258e-4636-8a40-e4b62782a129,fccd1151-ce54-43cf-aaa9-27be4636f90f
passport,/content/drive/MyDrive/filipina_final/78308.jpg,passport,,passport,1.0,66.327365,02516531-78c6-4a1b-a7e1-0ed9d4f7f3e1,23589236-801b-4c93-9e72-0866da046c36
passport,/content/drive/MyDrive/filipina_final/82637.jpg,passport,,passport,1.0,125.205312,8064f668-6247-40d7-bb68-1143d012e5a8,41aff4da-120e-4ab4-810c-243535010cec
passport,/content/drive/MyDrive/filipina_final/95723.jpg,passport,,passport,1.0,58.389923,0380db98-23ba-48c5-821e-3290032e1616,9df21e6c-52e6-4610-be53-8c2ebf170528
passport,/content/drive/MyDrive/filipina_final/76133.jpg,passport,,passport,1.0,113.631828,adedf280-86e9-4499-b483-474a6ec02d63,1e2c8f7f-8815-4277-9faf-db41e54c0043
passport,/content/drive/MyDrive/filipina_final/79175.jpg,passport,,passport,1.0,50.094164,0a84e099-989a-4558-a2b9-b1f56a70c58e,a3a133ec-9a94-449c-bd69-ca22a175abfa
passport,/content/drive/MyDrive/filipina_final/78013.jpg,passport,,passport,1.0,50.299087,493cff49-e328-4777-837c-e9360027705c,3c173da2-722b-438f-b558-01c45a6d32a2
passport,/content/drive/MyDrive/filipina_final/79492.jpg,passport,,passport,1.0,121.918367,c5fc5852-b4db-4693-b91f-77b17d729cff,952a647c-3665-4904-8074-0b3b91b12776
passport,/content/drive/MyDrive/filipina_final/80769.jpg,passport,,passport,1.0,58.749934,6d69a01e-a119-4fdd-b2d3-c1cda04313dc,dd299099-6bbc-4341-87e7-f4e2a0268c52
passport,/content/drive/MyDrive/filipina_final/85785.jpg,passport,,passport,1.0,58.125937,78393793-6967-406b-b18f-4cafd599b3c7,38370c3d-23c6-4c63-a86e-884f32814824
passport,/content/drive/MyDrive/filipina_final/91371.jpg,passport,,passport,1.0,56.297194,786a86d8-9e62-4764-aa21-72fde8cd087c,0f3f8572-2743-4254-852f-cf553d2bb4fd
passport,/content/drive/MyDrive/filipina_final/81398.jpg,passport,,passport,1.0,103.377269,fd18b606-037f-4cdc-ae82-789005389f5c,676247ab-3962-42e8-a38d-3cb213576601
passport,/content/drive/MyDrive/filipina_final/84359.jpg,passport,,passport,1.0,46.174457,8617d234-e788-4d77-9888-e722353fdbc4,c425604d-4023-4159-b739-7afd1ddf1dd9
passport,/content/drive/MyDrive/filipina_final/93077.jpg,passport,,passport,1.0,73.34273,67ca3a0e-7bb8-4846-bbdc-1d67db6cfef0,06c96c7f-be35-44ac-a697-2efd38a9f341
passport,/content/drive/MyDrive/filipina_final/90095.jpg,passport,,passport,1.0,76.962935,23b1f62e-9ed5-4ec7-b65b-0f9e9b6469b8,d42ed2d4-c859-421f-81d6-17e9c3373bb5
passport,/content/drive/MyDrive/filipina_final/91401.jpg,passport,,passport,1.0,45.62064,ca511d91-ec0b-4e6a-8e30-989a79d12f91,00d629ff-5bf1-4c91-8eaf-101670064312
passport,/content/drive/MyDrive/filipina_final/92383.jpg,passport,,passport,1.0,53.23248,9753a790-6b22-4ce4-92dd-d1562a8c1113,7787d672-d6ec-4a79-b944-33bc44304431
passport,/content/drive/MyDrive/filipina_final/77884.jpg,passport,,passport,1.0,51.686116,bf8c34e2-3e2b-442c-8442-2bdc0fc5b01f,cd525112-326d-4969-a698-69b936e10aad
passport,/content/drive/MyDrive/filipina_final/94460.jpg,passport,,passport,1.0,81.15382,6d5d1d02-d84e-4999-af38-b14b27279599,5d7d011f-f674-445c-b995-a1021cacafde
passport,/content/drive/MyDrive/filipina_final/86776.jpg,passport,,passport,1.0,47.9055,cf822830-4447-4f2c-bd0c-4691a0f04ea0,c96249dd-d712-437f-87b5-cd98f4908af6
passport,/content/drive/MyDrive/filipina_final/88828.jpg,passport,,passport,1.0,55.353307,ee57ed7b-b55f-4d4f-b1da-ebf64bcade85,91d06d7c-e72a-4432-a63d-2e5aa8d49e91
passport,/content/drive/MyDrive/filipina_final/83051.jpg,passport,,passport,1.0,55.927173,eefe785d-86b5-4f3b-90e6-3451e7928e94,74e6dabc-f8f7-47b3-87f9-d55dae17aba0
passport,/content/drive/MyDrive/filipina_final/85438.jpg,passport,,passport,1.0,58.587142,f1fe1e46-1015-4363-89d5-f844e9a923bb,00d3fdc1-9177-4ed4-95d5-07f670ef2c89
passport,/content/drive/MyDrive/filipina_final/75674.jpg,passport,,passport,1.0,85.295916,7f36b773-4a65-4505-b255-4b290c5ca221,04107dcb-f051-4597-9148-777743d2d067
passport,/content/drive/MyDrive/filipina_final/79883.jpg,passport,,passport,1.0,61.961808,f36ccea7-7f66-4029-9b32-12d15647aa65,ead43341-7665-419e-a468-088f7ab6fcef
passport,/content/drive/MyDrive/filipina_final/89372.jpg,passport,,passport,1.0,65.051672,f4356814-50e6-4584-9dbb-357e839f7b64,a4d53774-25ac-483c-a2a3-b22b1f9e2870
passport,/content/drive/MyDrive/filipina_final/86508.jpg,passport,,passport,1.0,91.715354,e80e99be-ab31-4b9c-a954-39a0d94241c7,cc801859-b3d2-4ea0-be1c-b8b0929c1708
passport,/content/drive/MyDrive/ethiopian_final/81899.jpg,passport,,passport,1.0,66.98136,08f724a0-8162-44b5-af70-a9c0321f1a2f,f90ae8d9-2ea0-41ba-b3c5-b2373d2b2eed
passport,/content/drive/MyDrive/ethiopian_final/92469.jpg,passport,,passport,1.0,63.086197,29fb398b-ffb4-4a03-a7e0-83784e5bd6d2,8435183a-2d2c-4197-8a7d-b753a7d946fa
passport,/content/drive/MyDrive/ethiopian_final/90406.jpg,passport,,passport,1.0,70.332675,7a3ace67-7c82-4fc9-82a7-5fa5e0ac24c5,9144e8fa-588d-4b2a-a3e8-e04beceaddae
passport,/content/drive/MyDrive/filipina_final/80250.jpg,passport,,passport,1.0,111.338317,9726b88a-13f7-4abd-867c-48eec0bdd5cc,99064abd-aeb1-4902-a4b3-0ce101762030
passport,/content/drive/MyDrive/ethiopian_final/83137.jpg,passport,,passport,1.0,68.477458,4088352f-aa71-4530-81ac-669bfa842a79,583f9ff2-c3ac-4759-9241-23aa4c453094
passport,/content/drive/MyDrive/ethiopian_final/83755.jpg,passport,,passport,1.0,59.948543,4c2a7091-9467-456f-984c-f07cfac7aaf3,1681bf93-2095-4672-8b4c-d3e5a4c913b5
passport,/content/drive/MyDrive/ethiopian_final/94794.jpg,passport,,passport,1.0,62.362908,50c1ac61-ad58-4458-bbb3-7b3cd4457ca2,af780a60-ea69-4e8c-8da2-d214399cab85
passport,/content/drive/MyDrive/ethiopian_final/91630.jpg,passport,,passport,1.0,51.37841,78f6af50-ffe6-40dd-9878-8b066f03a6cf,9e456786-776e-431f-8e9e-5f224a11ee55
passport,/content/drive/MyDrive/ethiopian_final/95880.jpg,passport,,passport,1.0,64.631586,5a66dbc8-6a31-4336-b736-8435f3f9f6ae,4447fc38-cb13-499e-8ebd-7ed9ddb72765
passport,/content/drive/MyDrive/ethiopian_final/92791.jpg,passport,,passport,1.0,62.914603,6b1e62d5-30e3-416c-9e57-8b0bff4d4d86,518a4a38-597e-4334-8012-f8145879b2ff
passport,/content/drive/MyDrive/ethiopian_final/77620.jpg,passport,,passport,1.0,84.717078,0ccc6fa3-9cf7-41bb-b076-0d3472a79f06,2f5f53c8-1b8a-4a32-9f71-56fa023a0a94
passport,/content/drive/MyDrive/ethiopian_final/84054.jpg,passport,,passport,1.0,60.578662,86525a0c-d85e-47d6-8ca4-fbaeec498da8,31c61e39-ae5e-41ae-a2d0-3a52059976de
passport,/content/drive/MyDrive/ethiopian_final/80184.jpg,passport,,passport,1.0,55.321572,909c2640-9821-460e-ad4c-675e718fa918,8d899bb7-3c06-4ffd-8c54-8f3ff38ca462
passport,/content/drive/MyDrive/ethiopian_final/88692.jpg,passport,,passport,1.0,50.82544,9831f334-5081-4362-a0cd-a2de8600b2ea,56d5a84a-bb5d-4bed-b081-d9152e2de480
passport,/content/drive/MyDrive/ethiopian_final/98716.jpg,passport,,passport,1.0,40.628316,9aae539c-cec1-41c9-b3bc-b528af3c5988,97357ff7-9904-4a9c-a562-78dae4467c6f
passport,/content/drive/MyDrive/ethiopian_final/84793.jpg,passport,,passport,1.0,80.980591,54982458-1117-42bf-9b61-5dd95d13adf2,51bb97be-ab2c-4968-bd85-de04806cc7de
passport,/content/drive/MyDrive/ethiopian_final/97114.jpg,passport,,passport,1.0,93.587988,4b7464b6-7bb1-4afc-8c6b-f7ef3e27b0e9,8ddcff30-79c2-461e-8042-8b0a3f41500a
passport,/content/drive/MyDrive/filipina_final/75044.jpg,passport,,passport,1.0,103.084849,fe79bbbb-80c5-42c4-abef-91b98ee76e7c,def9e766-6b41-48a6-af0d-a55dee62f3d0
passport,/content/drive/MyDrive/ethiopian_final/76974.jpg,passport,,passport,1.0,32.767177,bf063ee2-bc7c-4fd4-a09d-01ecdd526ef4,e40df5cb-561a-4e24-9b73-4eab7dd8c3b4
passport,/content/drive/MyDrive/ethiopian_final/77196.jpg,passport,,passport,1.0,38.362488,b73ff86c-f98d-4d6a-9757-f8b29f6ee6e4,75d3436e-fc38-4a0d-834a-fb8e42bed4fb
passport,/content/drive/MyDrive/ethiopian_final/84045.jpg,passport,,passport,1.0,36.744082,ca8bbc9a-8fde-4f31-b332-99553265c048,ec77963e-6b64-426f-b242-bfc55551ae19
passport,/content/drive/MyDrive/ethiopian_final/83562.jpg,passport,,passport,1.0,74.589044,8bf7855c-6436-4a30-8003-d92b01ee6bd5,a3df4725-243a-4212-a326-c290fcd8303e
passport,/content/drive/MyDrive/ethiopian_final/75845.jpg,passport,,passport,1.0,37.310366,cecf2c03-57ae-45b0-bab8-6bdac700ddc8,ee97983b-e69e-4f9a-b097-2cc19d006383
passport,/content/drive/MyDrive/ethiopian_final/77567.jpg,passport,,passport,1.0,42.835038,d832b7e6-a7dd-4e34-8319-67e79523c754,2b18c5e1-26d0-48eb-9c03-3c111b85c3f3
passport,/content/drive/MyDrive/ethiopian_final/77861.jpg,passport,,passport,1.0,56.046041,eea24b19-b85d-489b-9757-0fcda9b4065d,c39d458c-0e21-44ea-a765-2b006c081cc0
passport,/content/drive/MyDrive/ethiopian_final/88246.jpg,passport,,passport,1.0,56.663114,ffe2e501-5cf4-4829-9876-0413a281e28b,8528f7b8-8fb0-4514-8039-dc0faf848894
passport,/content/drive/MyDrive/ethiopian_final/95824.jpg,passport,,passport,1.0,75.830355,aec4360b-7aa1-4fe7-ab5e-96768fdd4fd2,93136a9e-e026-436d-a921-a1b5904ed7cf
passport,/content/drive/MyDrive/ethiopian_final/83569.jpg,passport,,passport,1.0,66.948262,086c9caf-7bf9-4824-bdbc-7c47373a5c61,8d3791ee-17b4-492e-94cc-2c889c56856e
passport,/content/drive/MyDrive/ethiopian_final/81401.jpg,passport,,passport,1.0,75.964348,190e5c90-7341-4ae3-ae5c-ab483f4eb6a7,34de9fed-a930-4d43-9f45-b0bcff82b2b2
passport,/content/drive/MyDrive/ethiopian_final/83745.jpg,passport,,passport,1.0,74.556547,2363beca-f805-43ef-ab95-c91b399734b4,450af372-d9d1-49f4-9404-486de004d51b
passport,/content/drive/MyDrive/ethiopian_final/77336.jpg,passport,,passport,1.0,78.104393,3c5637a5-93b5-4985-bc55-a5f153aa956c,49be2003-9436-4e0a-94c1-7f67e895b1cf
passport,/content/drive/MyDrive/ethiopian_final/76959.jpg,passport,,passport,1.0,81.498363,4e2f4326-e50d-4197-b6f5-5c41d51e90ea,ebff7f06-e90b-4796-b294-233555a7ebd4
passport,/content/drive/MyDrive/ethiopian_final/84190.jpg,other,,passport,0.0,101.869746,ff4f0a19-04c6-41e2-83d2-8988253e37ee,99f9a3ea-d77a-42dd-9388-d0768412559e
passport,/content/drive/MyDrive/ethiopian_final/76074.jpg,passport,,passport,1.0,90.112203,75b7fb93-152d-47f0-bf97-c7735a3a4533,302eb7d9-0b68-4f9e-acd5-0508e245989c
passport,/content/drive/MyDrive/ethiopian_final/83439.jpg,passport,,passport,1.0,91.870618,77c9cd48-d08e-43e1-9a90-6877708c1def,c4173246-7403-4478-aaef-6c8cd81afea0
passport,/content/drive/MyDrive/ethiopian_final/93109.jpg,passport,,passport,1.0,90.501126,93064395-c881-4026-8dad-f78e4c03950e,a319d3c5-c386-4974-be1b-cc7e917e1914
passport,/content/drive/MyDrive/ethiopian_final/75446.jpg,passport,,passport,1.0,89.652471,a1e911bb-9595-448a-993a-325d08d18b70,2cc0dd09-670d-438e-a380-f5438a5271f9
passport,/content/drive/MyDrive/ethiopian_final/75992.jpg,passport,,passport,1.0,84.709994,a56e28b6-ce62-4dbe-9c68-94bf23553799,363bba08-0b24-4dfe-8acf-4c3458c07580
passport,/content/drive/MyDrive/ethiopian_final/85227.jpg,passport,,passport,1.0,119.798006,04ca4096-3ce1-436b-8248-59dc8b9fb5d4,7a0fa595-ceb4-4fb1-951d-fe04277562b0
passport,/content/drive/MyDrive/ethiopian_final/83664.jpg,passport,,passport,1.0,113.125803,1dd6e955-145a-42e9-919f-4fa51c003b41,797d9422-7272-45f5-8a3f-faaa5c08290c
passport,/content/drive/MyDrive/ethiopian_final/87346.jpg,passport,,passport,1.0,112.215119,3ea48127-e97a-4e4c-8109-64fbe254e6b2,7c20fab6-19eb-42e4-a821-b02a09efb3d5
passport,/content/drive/MyDrive/ethiopian_final/80387.jpg,passport,,passport,1.0,110.12396,68f1c1e8-fa7f-4ec5-bd65-afdf1efe30d3,0c06fd79-63c5-4a5f-b1c4-352a6df96cd5
passport,/content/drive/MyDrive/ethiopian_final/93989.jpg,passport,,passport,1.0,77.893064,af3842a7-fa03-48d6-9b02-d2dbadbdb544,91bd3700-a1bc-49bd-8c28-f8ed7564a2e4
passport,/content/drive/MyDrive/ethiopian_final/92611.jpg,passport,,passport,1.0,73.478315,afb09731-c313-446d-9d64-efadcef10165,ab8b0bd7-2476-4431-a71e-f0561b0594ff
passport,/content/drive/MyDrive/ethiopian_final/77232.jpg,passport,,passport,1.0,63.280766,c9041a1e-adb5-480a-b509-cb071e0fb059,a72d4f25-421c-41cc-9349-1dce5ec4b5c1
passport,/content/drive/MyDrive/ethiopian_final/80859.jpg,passport,,passport,1.0,48.491469,e25d84c6-a227-4a18-bbb0-e2146506ffe1,cfd863ea-31e9-4fa8-93d9-b385640b1ebf
passport,/content/drive/MyDrive/ethiopian_final/74279.jpg,passport,,passport,1.0,110.88564,7fad1b2c-c5ec-4d85-b75e-c2322a891384,5943b4be-acbc-4aa2-9d64-2399c4a1e1b3
passport,/content/drive/MyDrive/ethiopian_final/92480.jpg,passport,,passport,1.0,37.186395,eddb6b56-a7e3-42f0-b15e-d8b0f79d14cc,98e402fc-53fd-4f9b-aea4-43b10ef3ff06
passport,/content/drive/MyDrive/ethiopian_final/90968.jpg,passport,,passport,1.0,44.733637,e77bc9a3-f4e6-49df-be94-9760bd599c1d,5d60e85f-d68c-41df-bf8e-5bfce44fdc69
passport,/content/drive/MyDrive/ethiopian_final/93314.jpg,passport,,passport,1.0,56.861634,da400f89-78ea-4466-a4b6-3ad1203b87bc,5f19b833-e6fc-4797-8436-86be275ce3b0
passport,/content/drive/MyDrive/ethiopian_final/77765.jpg,passport,,passport,1.0,111.983364,9319fbfd-2f20-4b9f-afe5-f4f3dcc95dbc,ad11f23d-9f10-4dbd-b019-ac6f06b7e273
passport,/content/drive/MyDrive/ethiopian_final/96393.jpg,passport,,passport,1.0,81.65667,b7a6174b-0c30-485e-ace6-3b3d8cec5f7f,e775ddd7-40c8-4def-81b0-9e2eca354f95
